--------------------------------------------------------
-- Archivo creado  - lunes-enero-25-2021   
--------------------------------------------------------
--------------------------------------------------------
--  DDL for Table AUTOR
--------------------------------------------------------

  CREATE TABLE "GRUPOFBIBLIOTECA"."AUTOR" 
   (	"ID_AUTOR" NUMBER, 
	"NOMBRE_AUTOR" VARCHAR2(40 BYTE)
   ) SEGMENT CREATION IMMEDIATE 
  PCTFREE 10 PCTUSED 40 INITRANS 1 MAXTRANS 255 NOCOMPRESS LOGGING
  STORAGE(INITIAL 65536 NEXT 1048576 MINEXTENTS 1 MAXEXTENTS 2147483645
  PCTINCREASE 0 FREELISTS 1 FREELIST GROUPS 1 BUFFER_POOL DEFAULT FLASH_CACHE DEFAULT CELL_FLASH_CACHE DEFAULT)
  TABLESPACE "USERS" ;
--------------------------------------------------------
--  DDL for Table AUTORES_LIBRO
--------------------------------------------------------

  CREATE TABLE "GRUPOFBIBLIOTECA"."AUTORES_LIBRO" 
   (	"ID_AUTORES_LIBRO" NUMBER, 
	"ID_LIBRO" NUMBER, 
	"ID_AUTOR" NUMBER
   ) SEGMENT CREATION IMMEDIATE 
  PCTFREE 10 PCTUSED 40 INITRANS 1 MAXTRANS 255 NOCOMPRESS LOGGING
  STORAGE(INITIAL 65536 NEXT 1048576 MINEXTENTS 1 MAXEXTENTS 2147483645
  PCTINCREASE 0 FREELISTS 1 FREELIST GROUPS 1 BUFFER_POOL DEFAULT FLASH_CACHE DEFAULT CELL_FLASH_CACHE DEFAULT)
  TABLESPACE "USERS" ;
--------------------------------------------------------
--  DDL for Table CONTROL
--------------------------------------------------------

  CREATE TABLE "GRUPOFBIBLIOTECA"."CONTROL" 
   (	"IDCONTROL" NUMBER, 
	"USUARIO" VARCHAR2(50 BYTE), 
	"TABLA" VARCHAR2(50 BYTE), 
	"ACCION" VARCHAR2(50 BYTE), 
	"DATOS" VARCHAR2(500 BYTE), 
	"FECHA" DATE
   ) SEGMENT CREATION IMMEDIATE 
  PCTFREE 10 PCTUSED 40 INITRANS 1 MAXTRANS 255 NOCOMPRESS LOGGING
  STORAGE(INITIAL 65536 NEXT 1048576 MINEXTENTS 1 MAXEXTENTS 2147483645
  PCTINCREASE 0 FREELISTS 1 FREELIST GROUPS 1 BUFFER_POOL DEFAULT FLASH_CACHE DEFAULT CELL_FLASH_CACHE DEFAULT)
  TABLESPACE "USERS" ;
--------------------------------------------------------
--  DDL for Table DETALLE_PRESTAMO
--------------------------------------------------------

  CREATE TABLE "GRUPOFBIBLIOTECA"."DETALLE_PRESTAMO" 
   (	"ID_DETALLE_PRESTAMO" NUMBER, 
	"ID_PRESTAMO" NUMBER, 
	"ID_LIBRO" NUMBER, 
	"FECHA_DEVOL" DATE, 
	"MORA" NUMBER, 
	"DEVUELTO" VARCHAR2(40 BYTE)
   ) SEGMENT CREATION IMMEDIATE 
  PCTFREE 10 PCTUSED 40 INITRANS 1 MAXTRANS 255 NOCOMPRESS LOGGING
  STORAGE(INITIAL 65536 NEXT 1048576 MINEXTENTS 1 MAXEXTENTS 2147483645
  PCTINCREASE 0 FREELISTS 1 FREELIST GROUPS 1 BUFFER_POOL DEFAULT FLASH_CACHE DEFAULT CELL_FLASH_CACHE DEFAULT)
  TABLESPACE "USERS" ;
--------------------------------------------------------
--  DDL for Table EDITORIAL
--------------------------------------------------------

  CREATE TABLE "GRUPOFBIBLIOTECA"."EDITORIAL" 
   (	"ID_COD_ED" NUMBER, 
	"NOMBRE_ED" VARCHAR2(20 BYTE), 
	"PAIS_ED" VARCHAR2(20 BYTE), 
	"TELEFONO_ED" VARCHAR2(20 BYTE)
   ) SEGMENT CREATION IMMEDIATE 
  PCTFREE 10 PCTUSED 40 INITRANS 1 MAXTRANS 255 NOCOMPRESS LOGGING
  STORAGE(INITIAL 65536 NEXT 1048576 MINEXTENTS 1 MAXEXTENTS 2147483645
  PCTINCREASE 0 FREELISTS 1 FREELIST GROUPS 1 BUFFER_POOL DEFAULT FLASH_CACHE DEFAULT CELL_FLASH_CACHE DEFAULT)
  TABLESPACE "USERS" ;
--------------------------------------------------------
--  DDL for Table LECTOR
--------------------------------------------------------

  CREATE TABLE "GRUPOFBIBLIOTECA"."LECTOR" 
   (	"ID_NUM_TARJETA" NUMBER, 
	"NOMBRE_LECTOR" VARCHAR2(40 BYTE), 
	"DIRRECION_LECTOR" VARCHAR2(40 BYTE), 
	"TELEFONO_LECTOR" VARCHAR2(15 BYTE), 
	"DNI" CHAR(8 BYTE)
   ) SEGMENT CREATION IMMEDIATE 
  PCTFREE 10 PCTUSED 40 INITRANS 1 MAXTRANS 255 NOCOMPRESS LOGGING
  STORAGE(INITIAL 65536 NEXT 1048576 MINEXTENTS 1 MAXEXTENTS 2147483645
  PCTINCREASE 0 FREELISTS 1 FREELIST GROUPS 1 BUFFER_POOL DEFAULT FLASH_CACHE DEFAULT CELL_FLASH_CACHE DEFAULT)
  TABLESPACE "USERS" ;
--------------------------------------------------------
--  DDL for Table LIBRO
--------------------------------------------------------

  CREATE TABLE "GRUPOFBIBLIOTECA"."LIBRO" 
   (	"ID_LIBRO" NUMBER, 
	"TITULO" VARCHAR2(40 BYTE), 
	"ISBN" VARCHAR2(40 BYTE), 
	"ID_COD_ED" NUMBER
   ) SEGMENT CREATION IMMEDIATE 
  PCTFREE 10 PCTUSED 40 INITRANS 1 MAXTRANS 255 NOCOMPRESS LOGGING
  STORAGE(INITIAL 65536 NEXT 1048576 MINEXTENTS 1 MAXEXTENTS 2147483645
  PCTINCREASE 0 FREELISTS 1 FREELIST GROUPS 1 BUFFER_POOL DEFAULT FLASH_CACHE DEFAULT CELL_FLASH_CACHE DEFAULT)
  TABLESPACE "USERS" ;
--------------------------------------------------------
--  DDL for Table PRESTAMOS
--------------------------------------------------------

  CREATE TABLE "GRUPOFBIBLIOTECA"."PRESTAMOS" 
   (	"ID_PRESTAMO" NUMBER, 
	"NUM_TARJETA" VARCHAR2(40 BYTE), 
	"FECHA_SALIDA" DATE, 
	"ID_NUM_TARJETA" NUMBER
   ) SEGMENT CREATION IMMEDIATE 
  PCTFREE 10 PCTUSED 40 INITRANS 1 MAXTRANS 255 NOCOMPRESS LOGGING
  STORAGE(INITIAL 65536 NEXT 1048576 MINEXTENTS 1 MAXEXTENTS 2147483645
  PCTINCREASE 0 FREELISTS 1 FREELIST GROUPS 1 BUFFER_POOL DEFAULT FLASH_CACHE DEFAULT CELL_FLASH_CACHE DEFAULT)
  TABLESPACE "USERS" ;
--------------------------------------------------------
--  DDL for Table USUARIO
--------------------------------------------------------

  CREATE TABLE "GRUPOFBIBLIOTECA"."USUARIO" 
   (	"IDUSUARIO" NUMBER, 
	"USUARIO" VARCHAR2(50 BYTE), 
	"CONTRASEÑA" VARCHAR2(20 BYTE)
   ) SEGMENT CREATION IMMEDIATE 
  PCTFREE 10 PCTUSED 40 INITRANS 1 MAXTRANS 255 NOCOMPRESS LOGGING
  STORAGE(INITIAL 65536 NEXT 1048576 MINEXTENTS 1 MAXEXTENTS 2147483645
  PCTINCREASE 0 FREELISTS 1 FREELIST GROUPS 1 BUFFER_POOL DEFAULT FLASH_CACHE DEFAULT CELL_FLASH_CACHE DEFAULT)
  TABLESPACE "USERS" ;
--------------------------------------------------------
--  DDL for Sequence SQ_AUTOR
--------------------------------------------------------

   CREATE SEQUENCE  "GRUPOFBIBLIOTECA"."SQ_AUTOR"  MINVALUE 1 MAXVALUE 9999999999999999999999999999 INCREMENT BY 1 START WITH 21 CACHE 20 NOORDER  NOCYCLE ;
--------------------------------------------------------
--  DDL for Sequence SQ_AUTORES_LIBRO
--------------------------------------------------------

   CREATE SEQUENCE  "GRUPOFBIBLIOTECA"."SQ_AUTORES_LIBRO"  MINVALUE 1 MAXVALUE 9999999999999999999999999999 INCREMENT BY 1 START WITH 1 CACHE 20 NOORDER  NOCYCLE ;
--------------------------------------------------------
--  DDL for Sequence SQ_CODIGO
--------------------------------------------------------

   CREATE SEQUENCE  "GRUPOFBIBLIOTECA"."SQ_CODIGO"  MINVALUE 1 MAXVALUE 9999999999999999999999999999 INCREMENT BY 4 START WITH 10000160 CACHE 20 NOORDER  NOCYCLE ;
--------------------------------------------------------
--  DDL for Sequence SQ_CONTROL
--------------------------------------------------------

   CREATE SEQUENCE  "GRUPOFBIBLIOTECA"."SQ_CONTROL"  MINVALUE 1 MAXVALUE 9999999999999999999999999999 INCREMENT BY 1 START WITH 181 CACHE 20 NOORDER  NOCYCLE ;
--------------------------------------------------------
--  DDL for Sequence SQ_DETALLE_PRESTAMO
--------------------------------------------------------

   CREATE SEQUENCE  "GRUPOFBIBLIOTECA"."SQ_DETALLE_PRESTAMO"  MINVALUE 1 MAXVALUE 9999999999999999999999999999 INCREMENT BY 1 START WITH 61 CACHE 20 NOORDER  NOCYCLE ;
--------------------------------------------------------
--  DDL for Sequence SQ_DNI
--------------------------------------------------------

   CREATE SEQUENCE  "GRUPOFBIBLIOTECA"."SQ_DNI"  MINVALUE 1 MAXVALUE 9999999999999999999999999999 INCREMENT BY 7 START WITH 65025741 CACHE 20 NOORDER  NOCYCLE ;
--------------------------------------------------------
--  DDL for Sequence SQ_EDITORIAL
--------------------------------------------------------

   CREATE SEQUENCE  "GRUPOFBIBLIOTECA"."SQ_EDITORIAL"  MINVALUE 1 MAXVALUE 9999999999999999999999999999 INCREMENT BY 1 START WITH 21 CACHE 20 NOORDER  NOCYCLE ;
--------------------------------------------------------
--  DDL for Sequence SQ_LECTOR
--------------------------------------------------------

   CREATE SEQUENCE  "GRUPOFBIBLIOTECA"."SQ_LECTOR"  MINVALUE 1 MAXVALUE 9999999999999999999999999999 INCREMENT BY 1 START WITH 21 CACHE 20 NOORDER  NOCYCLE ;
--------------------------------------------------------
--  DDL for Sequence SQ_LIBRO
--------------------------------------------------------

   CREATE SEQUENCE  "GRUPOFBIBLIOTECA"."SQ_LIBRO"  MINVALUE 1 MAXVALUE 9999999999999999999999999999 INCREMENT BY 1 START WITH 41 CACHE 20 NOORDER  NOCYCLE ;
--------------------------------------------------------
--  DDL for Sequence SQ_NUMERO
--------------------------------------------------------

   CREATE SEQUENCE  "GRUPOFBIBLIOTECA"."SQ_NUMERO"  MINVALUE 1 MAXVALUE 9999999999999999999999999999 INCREMENT BY 6 START WITH 650045330 CACHE 20 NOORDER  NOCYCLE ;
--------------------------------------------------------
--  DDL for Sequence SQ_NUMEROTARJETA
--------------------------------------------------------

   CREATE SEQUENCE  "GRUPOFBIBLIOTECA"."SQ_NUMEROTARJETA"  MINVALUE 1 MAXVALUE 9999999999999999999999999999 INCREMENT BY 6 START WITH 10000120 CACHE 20 NOORDER  NOCYCLE ;
--------------------------------------------------------
--  DDL for Sequence SQ_PRESTAMOS
--------------------------------------------------------

   CREATE SEQUENCE  "GRUPOFBIBLIOTECA"."SQ_PRESTAMOS"  MINVALUE 1 MAXVALUE 9999999999999999999999999999 INCREMENT BY 1 START WITH 61 CACHE 20 NOORDER  NOCYCLE ;
REM INSERTING into GRUPOFBIBLIOTECA.AUTOR
SET DEFINE OFF;
Insert into GRUPOFBIBLIOTECA.AUTOR (ID_AUTOR,NOMBRE_AUTOR) values ('1','MARIO VARGAS LLOSA');
Insert into GRUPOFBIBLIOTECA.AUTOR (ID_AUTOR,NOMBRE_AUTOR) values ('2','CESAR VALLEJO');
Insert into GRUPOFBIBLIOTECA.AUTOR (ID_AUTOR,NOMBRE_AUTOR) values ('3','JOSE MARIA ARGUEDAS');
Insert into GRUPOFBIBLIOTECA.AUTOR (ID_AUTOR,NOMBRE_AUTOR) values ('4','GARCIA MARQUEZ');
Insert into GRUPOFBIBLIOTECA.AUTOR (ID_AUTOR,NOMBRE_AUTOR) values ('5','ABRAHAM VALDEROMAR');
Insert into GRUPOFBIBLIOTECA.AUTOR (ID_AUTOR,NOMBRE_AUTOR) values ('6','JULIO VERNER');
Insert into GRUPOFBIBLIOTECA.AUTOR (ID_AUTOR,NOMBRE_AUTOR) values ('7','JOSE MARIA EGUREN');
Insert into GRUPOFBIBLIOTECA.AUTOR (ID_AUTOR,NOMBRE_AUTOR) values ('8','RICARDO PALMA');
Insert into GRUPOFBIBLIOTECA.AUTOR (ID_AUTOR,NOMBRE_AUTOR) values ('9','JORGE LUIS BORGES');
Insert into GRUPOFBIBLIOTECA.AUTOR (ID_AUTOR,NOMBRE_AUTOR) values ('10','CIRO ALEGRIA');
Insert into GRUPOFBIBLIOTECA.AUTOR (ID_AUTOR,NOMBRE_AUTOR) values ('11','TOM WILLIAN');
Insert into GRUPOFBIBLIOTECA.AUTOR (ID_AUTOR,NOMBRE_AUTOR) values ('12','INCA GARCILASO');
Insert into GRUPOFBIBLIOTECA.AUTOR (ID_AUTOR,NOMBRE_AUTOR) values ('13','MARIANO MELGUAR');
Insert into GRUPOFBIBLIOTECA.AUTOR (ID_AUTOR,NOMBRE_AUTOR) values ('14','JOSE SANTO CHOCANO');
Insert into GRUPOFBIBLIOTECA.AUTOR (ID_AUTOR,NOMBRE_AUTOR) values ('15','MANUEL ESCORZA');
Insert into GRUPOFBIBLIOTECA.AUTOR (ID_AUTOR,NOMBRE_AUTOR) values ('16','LUIS LOAYZA');
Insert into GRUPOFBIBLIOTECA.AUTOR (ID_AUTOR,NOMBRE_AUTOR) values ('17','JOSE CARLOS MARIATEGUI');
Insert into GRUPOFBIBLIOTECA.AUTOR (ID_AUTOR,NOMBRE_AUTOR) values ('18','CLORINDA MATTOS');
Insert into GRUPOFBIBLIOTECA.AUTOR (ID_AUTOR,NOMBRE_AUTOR) values ('19','BLANCA VARELA');
Insert into GRUPOFBIBLIOTECA.AUTOR (ID_AUTOR,NOMBRE_AUTOR) values ('20','RENATO CISNERO');
REM INSERTING into GRUPOFBIBLIOTECA.AUTORES_LIBRO
SET DEFINE OFF;
Insert into GRUPOFBIBLIOTECA.AUTORES_LIBRO (ID_AUTORES_LIBRO,ID_LIBRO,ID_AUTOR) values ('21','1','1');
Insert into GRUPOFBIBLIOTECA.AUTORES_LIBRO (ID_AUTORES_LIBRO,ID_LIBRO,ID_AUTOR) values ('22','1','1');
Insert into GRUPOFBIBLIOTECA.AUTORES_LIBRO (ID_AUTORES_LIBRO,ID_LIBRO,ID_AUTOR) values ('23','1','1');
Insert into GRUPOFBIBLIOTECA.AUTORES_LIBRO (ID_AUTORES_LIBRO,ID_LIBRO,ID_AUTOR) values ('24','1','1');
Insert into GRUPOFBIBLIOTECA.AUTORES_LIBRO (ID_AUTORES_LIBRO,ID_LIBRO,ID_AUTOR) values ('25','1','1');
Insert into GRUPOFBIBLIOTECA.AUTORES_LIBRO (ID_AUTORES_LIBRO,ID_LIBRO,ID_AUTOR) values ('26','1','2');
Insert into GRUPOFBIBLIOTECA.AUTORES_LIBRO (ID_AUTORES_LIBRO,ID_LIBRO,ID_AUTOR) values ('27','1','2');
Insert into GRUPOFBIBLIOTECA.AUTORES_LIBRO (ID_AUTORES_LIBRO,ID_LIBRO,ID_AUTOR) values ('28','1','2');
Insert into GRUPOFBIBLIOTECA.AUTORES_LIBRO (ID_AUTORES_LIBRO,ID_LIBRO,ID_AUTOR) values ('29','1','2');
Insert into GRUPOFBIBLIOTECA.AUTORES_LIBRO (ID_AUTORES_LIBRO,ID_LIBRO,ID_AUTOR) values ('30','1','2');
Insert into GRUPOFBIBLIOTECA.AUTORES_LIBRO (ID_AUTORES_LIBRO,ID_LIBRO,ID_AUTOR) values ('31','2','3');
Insert into GRUPOFBIBLIOTECA.AUTORES_LIBRO (ID_AUTORES_LIBRO,ID_LIBRO,ID_AUTOR) values ('32','2','3');
Insert into GRUPOFBIBLIOTECA.AUTORES_LIBRO (ID_AUTORES_LIBRO,ID_LIBRO,ID_AUTOR) values ('33','2','3');
Insert into GRUPOFBIBLIOTECA.AUTORES_LIBRO (ID_AUTORES_LIBRO,ID_LIBRO,ID_AUTOR) values ('34','2','3');
Insert into GRUPOFBIBLIOTECA.AUTORES_LIBRO (ID_AUTORES_LIBRO,ID_LIBRO,ID_AUTOR) values ('35','2','3');
Insert into GRUPOFBIBLIOTECA.AUTORES_LIBRO (ID_AUTORES_LIBRO,ID_LIBRO,ID_AUTOR) values ('36','2','4');
Insert into GRUPOFBIBLIOTECA.AUTORES_LIBRO (ID_AUTORES_LIBRO,ID_LIBRO,ID_AUTOR) values ('37','2','4');
Insert into GRUPOFBIBLIOTECA.AUTORES_LIBRO (ID_AUTORES_LIBRO,ID_LIBRO,ID_AUTOR) values ('38','2','4');
Insert into GRUPOFBIBLIOTECA.AUTORES_LIBRO (ID_AUTORES_LIBRO,ID_LIBRO,ID_AUTOR) values ('39','2','4');
Insert into GRUPOFBIBLIOTECA.AUTORES_LIBRO (ID_AUTORES_LIBRO,ID_LIBRO,ID_AUTOR) values ('40','2','4');
Insert into GRUPOFBIBLIOTECA.AUTORES_LIBRO (ID_AUTORES_LIBRO,ID_LIBRO,ID_AUTOR) values ('41','3','5');
Insert into GRUPOFBIBLIOTECA.AUTORES_LIBRO (ID_AUTORES_LIBRO,ID_LIBRO,ID_AUTOR) values ('42','3','5');
Insert into GRUPOFBIBLIOTECA.AUTORES_LIBRO (ID_AUTORES_LIBRO,ID_LIBRO,ID_AUTOR) values ('43','3','5');
Insert into GRUPOFBIBLIOTECA.AUTORES_LIBRO (ID_AUTORES_LIBRO,ID_LIBRO,ID_AUTOR) values ('44','3','5');
Insert into GRUPOFBIBLIOTECA.AUTORES_LIBRO (ID_AUTORES_LIBRO,ID_LIBRO,ID_AUTOR) values ('45','3','5');
Insert into GRUPOFBIBLIOTECA.AUTORES_LIBRO (ID_AUTORES_LIBRO,ID_LIBRO,ID_AUTOR) values ('46','3','6');
Insert into GRUPOFBIBLIOTECA.AUTORES_LIBRO (ID_AUTORES_LIBRO,ID_LIBRO,ID_AUTOR) values ('47','3','6');
Insert into GRUPOFBIBLIOTECA.AUTORES_LIBRO (ID_AUTORES_LIBRO,ID_LIBRO,ID_AUTOR) values ('48','3','6');
Insert into GRUPOFBIBLIOTECA.AUTORES_LIBRO (ID_AUTORES_LIBRO,ID_LIBRO,ID_AUTOR) values ('49','3','6');
Insert into GRUPOFBIBLIOTECA.AUTORES_LIBRO (ID_AUTORES_LIBRO,ID_LIBRO,ID_AUTOR) values ('50','3','6');
Insert into GRUPOFBIBLIOTECA.AUTORES_LIBRO (ID_AUTORES_LIBRO,ID_LIBRO,ID_AUTOR) values ('51','4','7');
Insert into GRUPOFBIBLIOTECA.AUTORES_LIBRO (ID_AUTORES_LIBRO,ID_LIBRO,ID_AUTOR) values ('52','4','7');
Insert into GRUPOFBIBLIOTECA.AUTORES_LIBRO (ID_AUTORES_LIBRO,ID_LIBRO,ID_AUTOR) values ('53','4','7');
Insert into GRUPOFBIBLIOTECA.AUTORES_LIBRO (ID_AUTORES_LIBRO,ID_LIBRO,ID_AUTOR) values ('54','4','7');
Insert into GRUPOFBIBLIOTECA.AUTORES_LIBRO (ID_AUTORES_LIBRO,ID_LIBRO,ID_AUTOR) values ('55','4','7');
Insert into GRUPOFBIBLIOTECA.AUTORES_LIBRO (ID_AUTORES_LIBRO,ID_LIBRO,ID_AUTOR) values ('56','4','8');
Insert into GRUPOFBIBLIOTECA.AUTORES_LIBRO (ID_AUTORES_LIBRO,ID_LIBRO,ID_AUTOR) values ('57','4','8');
Insert into GRUPOFBIBLIOTECA.AUTORES_LIBRO (ID_AUTORES_LIBRO,ID_LIBRO,ID_AUTOR) values ('58','4','8');
Insert into GRUPOFBIBLIOTECA.AUTORES_LIBRO (ID_AUTORES_LIBRO,ID_LIBRO,ID_AUTOR) values ('59','4','8');
Insert into GRUPOFBIBLIOTECA.AUTORES_LIBRO (ID_AUTORES_LIBRO,ID_LIBRO,ID_AUTOR) values ('60','4','8');
REM INSERTING into GRUPOFBIBLIOTECA.CONTROL
SET DEFINE OFF;
Insert into GRUPOFBIBLIOTECA.CONTROL (IDCONTROL,USUARIO,TABLA,ACCION,DATOS,FECHA) values ('1','GRUPOFBIBLIOTECA','LECTOR','INSERT','ID:1 NOMBRE:JUAN DIRRECION:M7 LT 10 TELEFONO:650045210 DNI:65025601',to_date('25/01/21','DD/MM/RR'));
Insert into GRUPOFBIBLIOTECA.CONTROL (IDCONTROL,USUARIO,TABLA,ACCION,DATOS,FECHA) values ('2','GRUPOFBIBLIOTECA','LECTOR','INSERT','ID:2 NOMBRE:LUIS DIRRECION:M8 LT 11 TELEFONO:650045216 DNI:65025608',to_date('25/01/21','DD/MM/RR'));
Insert into GRUPOFBIBLIOTECA.CONTROL (IDCONTROL,USUARIO,TABLA,ACCION,DATOS,FECHA) values ('3','GRUPOFBIBLIOTECA','LECTOR','INSERT','ID:3 NOMBRE:ROSA DIRRECION:M9 LT 12 TELEFONO:650045222 DNI:65025615',to_date('25/01/21','DD/MM/RR'));
Insert into GRUPOFBIBLIOTECA.CONTROL (IDCONTROL,USUARIO,TABLA,ACCION,DATOS,FECHA) values ('4','GRUPOFBIBLIOTECA','LECTOR','INSERT','ID:4 NOMBRE:GIAN DIRRECION:M10 LT 13 TELEFONO:650045228 DNI:65025622',to_date('25/01/21','DD/MM/RR'));
Insert into GRUPOFBIBLIOTECA.CONTROL (IDCONTROL,USUARIO,TABLA,ACCION,DATOS,FECHA) values ('5','GRUPOFBIBLIOTECA','LECTOR','INSERT','ID:5 NOMBRE:SEBASTIAN DIRRECION:M11 LT 14 TELEFONO:650045234 DNI:65025629',to_date('25/01/21','DD/MM/RR'));
Insert into GRUPOFBIBLIOTECA.CONTROL (IDCONTROL,USUARIO,TABLA,ACCION,DATOS,FECHA) values ('6','GRUPOFBIBLIOTECA','LECTOR','INSERT','ID:6 NOMBRE:DANIEL DIRRECION:M12 LT 15 TELEFONO:650045240 DNI:65025636',to_date('25/01/21','DD/MM/RR'));
Insert into GRUPOFBIBLIOTECA.CONTROL (IDCONTROL,USUARIO,TABLA,ACCION,DATOS,FECHA) values ('7','GRUPOFBIBLIOTECA','LECTOR','INSERT','ID:7 NOMBRE:FERNANDO DIRRECION:M13 LT 16 TELEFONO:650045246 DNI:65025643',to_date('25/01/21','DD/MM/RR'));
Insert into GRUPOFBIBLIOTECA.CONTROL (IDCONTROL,USUARIO,TABLA,ACCION,DATOS,FECHA) values ('8','GRUPOFBIBLIOTECA','LECTOR','INSERT','ID:8 NOMBRE:ABRAHAM DIRRECION:M14 LT 17 TELEFONO:650045252 DNI:65025650',to_date('25/01/21','DD/MM/RR'));
Insert into GRUPOFBIBLIOTECA.CONTROL (IDCONTROL,USUARIO,TABLA,ACCION,DATOS,FECHA) values ('9','GRUPOFBIBLIOTECA','LECTOR','INSERT','ID:9 NOMBRE:ENRIQUE DIRRECION:M15 LT 18 TELEFONO:650045258 DNI:65025657',to_date('25/01/21','DD/MM/RR'));
Insert into GRUPOFBIBLIOTECA.CONTROL (IDCONTROL,USUARIO,TABLA,ACCION,DATOS,FECHA) values ('10','GRUPOFBIBLIOTECA','LECTOR','INSERT','ID:10 NOMBRE:ANGEL DIRRECION:M16 LT 19 TELEFONO:650045264 DNI:65025664',to_date('25/01/21','DD/MM/RR'));
Insert into GRUPOFBIBLIOTECA.CONTROL (IDCONTROL,USUARIO,TABLA,ACCION,DATOS,FECHA) values ('11','GRUPOFBIBLIOTECA','Prestamos','Insert','id:1 numero de tarjeta:10000000 Fecha:20/01/21 Numero de Tarjeta1',to_date('25/01/21','DD/MM/RR'));
Insert into GRUPOFBIBLIOTECA.CONTROL (IDCONTROL,USUARIO,TABLA,ACCION,DATOS,FECHA) values ('12','GRUPOFBIBLIOTECA','Prestamos','Insert','id:2 numero de tarjeta:10000006 Fecha:20/01/21 Numero de Tarjeta1',to_date('25/01/21','DD/MM/RR'));
Insert into GRUPOFBIBLIOTECA.CONTROL (IDCONTROL,USUARIO,TABLA,ACCION,DATOS,FECHA) values ('13','GRUPOFBIBLIOTECA','Prestamos','Insert','id:3 numero de tarjeta:10000012 Fecha:20/01/21 Numero de Tarjeta1',to_date('25/01/21','DD/MM/RR'));
Insert into GRUPOFBIBLIOTECA.CONTROL (IDCONTROL,USUARIO,TABLA,ACCION,DATOS,FECHA) values ('14','GRUPOFBIBLIOTECA','Prestamos','Insert','id:4 numero de tarjeta:10000018 Fecha:20/01/21 Numero de Tarjeta1',to_date('25/01/21','DD/MM/RR'));
Insert into GRUPOFBIBLIOTECA.CONTROL (IDCONTROL,USUARIO,TABLA,ACCION,DATOS,FECHA) values ('15','GRUPOFBIBLIOTECA','Prestamos','Insert','id:5 numero de tarjeta:10000024 Fecha:21/01/21 Numero de Tarjeta2',to_date('25/01/21','DD/MM/RR'));
Insert into GRUPOFBIBLIOTECA.CONTROL (IDCONTROL,USUARIO,TABLA,ACCION,DATOS,FECHA) values ('16','GRUPOFBIBLIOTECA','Prestamos','Insert','id:6 numero de tarjeta:10000030 Fecha:21/01/21 Numero de Tarjeta2',to_date('25/01/21','DD/MM/RR'));
Insert into GRUPOFBIBLIOTECA.CONTROL (IDCONTROL,USUARIO,TABLA,ACCION,DATOS,FECHA) values ('17','GRUPOFBIBLIOTECA','Prestamos','Insert','id:7 numero de tarjeta:10000036 Fecha:21/01/21 Numero de Tarjeta2',to_date('25/01/21','DD/MM/RR'));
Insert into GRUPOFBIBLIOTECA.CONTROL (IDCONTROL,USUARIO,TABLA,ACCION,DATOS,FECHA) values ('18','GRUPOFBIBLIOTECA','Prestamos','Insert','id:8 numero de tarjeta:10000042 Fecha:21/01/21 Numero de Tarjeta2',to_date('25/01/21','DD/MM/RR'));
Insert into GRUPOFBIBLIOTECA.CONTROL (IDCONTROL,USUARIO,TABLA,ACCION,DATOS,FECHA) values ('19','GRUPOFBIBLIOTECA','Prestamos','Insert','id:9 numero de tarjeta:10000048 Fecha:22/01/21 Numero de Tarjeta3',to_date('25/01/21','DD/MM/RR'));
Insert into GRUPOFBIBLIOTECA.CONTROL (IDCONTROL,USUARIO,TABLA,ACCION,DATOS,FECHA) values ('20','GRUPOFBIBLIOTECA','Prestamos','Insert','id:10 numero de tarjeta:10000054 Fecha:22/01/21 Numero de Tarjeta3',to_date('25/01/21','DD/MM/RR'));
Insert into GRUPOFBIBLIOTECA.CONTROL (IDCONTROL,USUARIO,TABLA,ACCION,DATOS,FECHA) values ('21','GRUPOFBIBLIOTECA','Prestamos','Insert','id:11 numero de tarjeta:10000060 Fecha:22/01/21 Numero de Tarjeta3',to_date('25/01/21','DD/MM/RR'));
Insert into GRUPOFBIBLIOTECA.CONTROL (IDCONTROL,USUARIO,TABLA,ACCION,DATOS,FECHA) values ('22','GRUPOFBIBLIOTECA','Prestamos','Insert','id:12 numero de tarjeta:10000066 Fecha:22/01/21 Numero de Tarjeta3',to_date('25/01/21','DD/MM/RR'));
Insert into GRUPOFBIBLIOTECA.CONTROL (IDCONTROL,USUARIO,TABLA,ACCION,DATOS,FECHA) values ('23','GRUPOFBIBLIOTECA','Prestamos','Insert','id:13 numero de tarjeta:10000072 Fecha:23/01/21 Numero de Tarjeta4',to_date('25/01/21','DD/MM/RR'));
Insert into GRUPOFBIBLIOTECA.CONTROL (IDCONTROL,USUARIO,TABLA,ACCION,DATOS,FECHA) values ('24','GRUPOFBIBLIOTECA','Prestamos','Insert','id:14 numero de tarjeta:10000078 Fecha:23/01/21 Numero de Tarjeta4',to_date('25/01/21','DD/MM/RR'));
Insert into GRUPOFBIBLIOTECA.CONTROL (IDCONTROL,USUARIO,TABLA,ACCION,DATOS,FECHA) values ('25','GRUPOFBIBLIOTECA','Prestamos','Insert','id:15 numero de tarjeta:10000084 Fecha:23/01/21 Numero de Tarjeta4',to_date('25/01/21','DD/MM/RR'));
Insert into GRUPOFBIBLIOTECA.CONTROL (IDCONTROL,USUARIO,TABLA,ACCION,DATOS,FECHA) values ('26','GRUPOFBIBLIOTECA','Prestamos','Insert','id:16 numero de tarjeta:10000090 Fecha:23/01/21 Numero de Tarjeta4',to_date('25/01/21','DD/MM/RR'));
Insert into GRUPOFBIBLIOTECA.CONTROL (IDCONTROL,USUARIO,TABLA,ACCION,DATOS,FECHA) values ('27','GRUPOFBIBLIOTECA','Prestamos','Insert','id:17 numero de tarjeta:10000096 Fecha:24/01/21 Numero de Tarjeta5',to_date('25/01/21','DD/MM/RR'));
Insert into GRUPOFBIBLIOTECA.CONTROL (IDCONTROL,USUARIO,TABLA,ACCION,DATOS,FECHA) values ('28','GRUPOFBIBLIOTECA','Prestamos','Insert','id:18 numero de tarjeta:10000102 Fecha:24/01/21 Numero de Tarjeta5',to_date('25/01/21','DD/MM/RR'));
Insert into GRUPOFBIBLIOTECA.CONTROL (IDCONTROL,USUARIO,TABLA,ACCION,DATOS,FECHA) values ('29','GRUPOFBIBLIOTECA','Prestamos','Insert','id:19 numero de tarjeta:10000108 Fecha:24/01/21 Numero de Tarjeta5',to_date('25/01/21','DD/MM/RR'));
Insert into GRUPOFBIBLIOTECA.CONTROL (IDCONTROL,USUARIO,TABLA,ACCION,DATOS,FECHA) values ('30','GRUPOFBIBLIOTECA','Prestamos','Insert','id:20 numero de tarjeta:10000114 Fecha:24/01/21 Numero de Tarjeta5',to_date('25/01/21','DD/MM/RR'));
Insert into GRUPOFBIBLIOTECA.CONTROL (IDCONTROL,USUARIO,TABLA,ACCION,DATOS,FECHA) values ('32','GRUPOFBIBLIOTECA','Editorial','Insert','id:1 nombre:lumbreras Pais:peru Telefono:650045270',to_date('25/01/21','DD/MM/RR'));
Insert into GRUPOFBIBLIOTECA.CONTROL (IDCONTROL,USUARIO,TABLA,ACCION,DATOS,FECHA) values ('33','GRUPOFBIBLIOTECA','Editorial','Insert','id:2 nombre:coquito Pais:peru Telefono:650045276',to_date('25/01/21','DD/MM/RR'));
Insert into GRUPOFBIBLIOTECA.CONTROL (IDCONTROL,USUARIO,TABLA,ACCION,DATOS,FECHA) values ('34','GRUPOFBIBLIOTECA','Editorial','Insert','id:3 nombre:santillan Pais:chile Telefono:650045282',to_date('25/01/21','DD/MM/RR'));
Insert into GRUPOFBIBLIOTECA.CONTROL (IDCONTROL,USUARIO,TABLA,ACCION,DATOS,FECHA) values ('35','GRUPOFBIBLIOTECA','Editorial','Insert','id:4 nombre:esopo Pais:chile Telefono:650045288',to_date('25/01/21','DD/MM/RR'));
Insert into GRUPOFBIBLIOTECA.CONTROL (IDCONTROL,USUARIO,TABLA,ACCION,DATOS,FECHA) values ('36','GRUPOFBIBLIOTECA','Editorial','Insert','id:5 nombre:trilce Pais:peru Telefono:650045294',to_date('25/01/21','DD/MM/RR'));
Insert into GRUPOFBIBLIOTECA.CONTROL (IDCONTROL,USUARIO,TABLA,ACCION,DATOS,FECHA) values ('37','GRUPOFBIBLIOTECA','AUTOR','INSERT','ID:1 NOMBRE:MARIO VARGAS LLOSA',to_date('25/01/21','DD/MM/RR'));
Insert into GRUPOFBIBLIOTECA.CONTROL (IDCONTROL,USUARIO,TABLA,ACCION,DATOS,FECHA) values ('38','GRUPOFBIBLIOTECA','AUTOR','INSERT','ID:2 NOMBRE:CESAR VALLEJO',to_date('25/01/21','DD/MM/RR'));
Insert into GRUPOFBIBLIOTECA.CONTROL (IDCONTROL,USUARIO,TABLA,ACCION,DATOS,FECHA) values ('39','GRUPOFBIBLIOTECA','AUTOR','INSERT','ID:3 NOMBRE:JOSE MARIA ARGUEDAS',to_date('25/01/21','DD/MM/RR'));
Insert into GRUPOFBIBLIOTECA.CONTROL (IDCONTROL,USUARIO,TABLA,ACCION,DATOS,FECHA) values ('40','GRUPOFBIBLIOTECA','AUTOR','INSERT','ID:4 NOMBRE:GARCIA MARQUEZ',to_date('25/01/21','DD/MM/RR'));
Insert into GRUPOFBIBLIOTECA.CONTROL (IDCONTROL,USUARIO,TABLA,ACCION,DATOS,FECHA) values ('41','GRUPOFBIBLIOTECA','AUTOR','INSERT','ID:5 NOMBRE:ABRAHAM VALDEROMAR',to_date('25/01/21','DD/MM/RR'));
Insert into GRUPOFBIBLIOTECA.CONTROL (IDCONTROL,USUARIO,TABLA,ACCION,DATOS,FECHA) values ('42','GRUPOFBIBLIOTECA','AUTOR','INSERT','ID:6 NOMBRE:JULIO VERNER',to_date('25/01/21','DD/MM/RR'));
Insert into GRUPOFBIBLIOTECA.CONTROL (IDCONTROL,USUARIO,TABLA,ACCION,DATOS,FECHA) values ('43','GRUPOFBIBLIOTECA','AUTOR','INSERT','ID:7 NOMBRE:JOSE MARIA EGUREN',to_date('25/01/21','DD/MM/RR'));
Insert into GRUPOFBIBLIOTECA.CONTROL (IDCONTROL,USUARIO,TABLA,ACCION,DATOS,FECHA) values ('44','GRUPOFBIBLIOTECA','AUTOR','INSERT','ID:8 NOMBRE:RICARDO PALMA',to_date('25/01/21','DD/MM/RR'));
Insert into GRUPOFBIBLIOTECA.CONTROL (IDCONTROL,USUARIO,TABLA,ACCION,DATOS,FECHA) values ('45','GRUPOFBIBLIOTECA','AUTOR','INSERT','ID:9 NOMBRE:JORGE LUIS BORGES',to_date('25/01/21','DD/MM/RR'));
Insert into GRUPOFBIBLIOTECA.CONTROL (IDCONTROL,USUARIO,TABLA,ACCION,DATOS,FECHA) values ('46','GRUPOFBIBLIOTECA','AUTOR','INSERT','ID:10 NOMBRE:CIRO ALEGRIA',to_date('25/01/21','DD/MM/RR'));
Insert into GRUPOFBIBLIOTECA.CONTROL (IDCONTROL,USUARIO,TABLA,ACCION,DATOS,FECHA) values ('47','GRUPOFBIBLIOTECA','AUTOR','INSERT','ID:11 NOMBRE:TOM WILLIAN',to_date('25/01/21','DD/MM/RR'));
Insert into GRUPOFBIBLIOTECA.CONTROL (IDCONTROL,USUARIO,TABLA,ACCION,DATOS,FECHA) values ('48','GRUPOFBIBLIOTECA','AUTOR','INSERT','ID:12 NOMBRE:INCA GARCILASO',to_date('25/01/21','DD/MM/RR'));
Insert into GRUPOFBIBLIOTECA.CONTROL (IDCONTROL,USUARIO,TABLA,ACCION,DATOS,FECHA) values ('49','GRUPOFBIBLIOTECA','AUTOR','INSERT','ID:13 NOMBRE:MARIANO MELGUAR',to_date('25/01/21','DD/MM/RR'));
Insert into GRUPOFBIBLIOTECA.CONTROL (IDCONTROL,USUARIO,TABLA,ACCION,DATOS,FECHA) values ('50','GRUPOFBIBLIOTECA','AUTOR','INSERT','ID:14 NOMBRE:JOSE SANTO CHOCANO',to_date('25/01/21','DD/MM/RR'));
Insert into GRUPOFBIBLIOTECA.CONTROL (IDCONTROL,USUARIO,TABLA,ACCION,DATOS,FECHA) values ('51','GRUPOFBIBLIOTECA','AUTOR','INSERT','ID:15 NOMBRE:MANUEL ESCORZA',to_date('25/01/21','DD/MM/RR'));
Insert into GRUPOFBIBLIOTECA.CONTROL (IDCONTROL,USUARIO,TABLA,ACCION,DATOS,FECHA) values ('52','GRUPOFBIBLIOTECA','AUTOR','INSERT','ID:16 NOMBRE:LUIS LOAYZA',to_date('25/01/21','DD/MM/RR'));
Insert into GRUPOFBIBLIOTECA.CONTROL (IDCONTROL,USUARIO,TABLA,ACCION,DATOS,FECHA) values ('53','GRUPOFBIBLIOTECA','AUTOR','INSERT','ID:17 NOMBRE:JOSE CARLOS MARIATEGUI',to_date('25/01/21','DD/MM/RR'));
Insert into GRUPOFBIBLIOTECA.CONTROL (IDCONTROL,USUARIO,TABLA,ACCION,DATOS,FECHA) values ('54','GRUPOFBIBLIOTECA','AUTOR','INSERT','ID:18 NOMBRE:CLORINDA MATTOS',to_date('25/01/21','DD/MM/RR'));
Insert into GRUPOFBIBLIOTECA.CONTROL (IDCONTROL,USUARIO,TABLA,ACCION,DATOS,FECHA) values ('55','GRUPOFBIBLIOTECA','AUTOR','INSERT','ID:19 NOMBRE:BLANCA VARELA',to_date('25/01/21','DD/MM/RR'));
Insert into GRUPOFBIBLIOTECA.CONTROL (IDCONTROL,USUARIO,TABLA,ACCION,DATOS,FECHA) values ('56','GRUPOFBIBLIOTECA','AUTOR','INSERT','ID:20 NOMBRE:RENATO CISNERO',to_date('25/01/21','DD/MM/RR'));
Insert into GRUPOFBIBLIOTECA.CONTROL (IDCONTROL,USUARIO,TABLA,ACCION,DATOS,FECHA) values ('57','GRUPOFBIBLIOTECA','Libro','Insert','id:1 Titulo:LA VUELTA AL MUNDO ISBN:10000000 IdCodigoEditorial:1',to_date('25/01/21','DD/MM/RR'));
Insert into GRUPOFBIBLIOTECA.CONTROL (IDCONTROL,USUARIO,TABLA,ACCION,DATOS,FECHA) values ('58','GRUPOFBIBLIOTECA','Libro','Insert','id:2 Titulo:LOS RIOS PROFUNDOS ISBN:10000004 IdCodigoEditorial:1',to_date('25/01/21','DD/MM/RR'));
Insert into GRUPOFBIBLIOTECA.CONTROL (IDCONTROL,USUARIO,TABLA,ACCION,DATOS,FECHA) values ('59','GRUPOFBIBLIOTECA','Libro','Insert','id:3 Titulo:LA DIVINA COMEDIA ISBN:10000008 IdCodigoEditorial:1',to_date('25/01/21','DD/MM/RR'));
Insert into GRUPOFBIBLIOTECA.CONTROL (IDCONTROL,USUARIO,TABLA,ACCION,DATOS,FECHA) values ('60','GRUPOFBIBLIOTECA','Libro','Insert','id:4 Titulo:LA CIUDAD DE LOS PERROS ISBN:10000012 IdCodigoEditorial:1',to_date('25/01/21','DD/MM/RR'));
Insert into GRUPOFBIBLIOTECA.CONTROL (IDCONTROL,USUARIO,TABLA,ACCION,DATOS,FECHA) values ('61','GRUPOFBIBLIOTECA','Libro','Insert','id:5 Titulo:1984 ISBN:10000016 IdCodigoEditorial:1',to_date('25/01/21','DD/MM/RR'));
Insert into GRUPOFBIBLIOTECA.CONTROL (IDCONTROL,USUARIO,TABLA,ACCION,DATOS,FECHA) values ('62','GRUPOFBIBLIOTECA','Libro','Insert','id:6 Titulo:EDIPO REY ISBN:10000020 IdCodigoEditorial:2',to_date('25/01/21','DD/MM/RR'));
Insert into GRUPOFBIBLIOTECA.CONTROL (IDCONTROL,USUARIO,TABLA,ACCION,DATOS,FECHA) values ('63','GRUPOFBIBLIOTECA','Libro','Insert','id:7 Titulo:LOS HERALDOS NEGROS ISBN:10000024 IdCodigoEditorial:2',to_date('25/01/21','DD/MM/RR'));
Insert into GRUPOFBIBLIOTECA.CONTROL (IDCONTROL,USUARIO,TABLA,ACCION,DATOS,FECHA) values ('64','GRUPOFBIBLIOTECA','Libro','Insert','id:8 Titulo:LAS CUITAS DEL JOVEN WEBER ISBN:10000028 IdCodigoEditorial:2',to_date('25/01/21','DD/MM/RR'));
Insert into GRUPOFBIBLIOTECA.CONTROL (IDCONTROL,USUARIO,TABLA,ACCION,DATOS,FECHA) values ('65','GRUPOFBIBLIOTECA','Libro','Insert','id:9 Titulo:EL PRINCIPITO ISBN:10000032 IdCodigoEditorial:2',to_date('25/01/21','DD/MM/RR'));
Insert into GRUPOFBIBLIOTECA.CONTROL (IDCONTROL,USUARIO,TABLA,ACCION,DATOS,FECHA) values ('66','GRUPOFBIBLIOTECA','Libro','Insert','id:10 Titulo:AVE SIN NIDO ISBN:10000036 IdCodigoEditorial:2',to_date('25/01/21','DD/MM/RR'));
Insert into GRUPOFBIBLIOTECA.CONTROL (IDCONTROL,USUARIO,TABLA,ACCION,DATOS,FECHA) values ('67','GRUPOFBIBLIOTECA','Libro','Insert','id:11 Titulo:PADRE RICO PADRE POBRE ISBN:10000040 IdCodigoEditorial:3',to_date('25/01/21','DD/MM/RR'));
Insert into GRUPOFBIBLIOTECA.CONTROL (IDCONTROL,USUARIO,TABLA,ACCION,DATOS,FECHA) values ('68','GRUPOFBIBLIOTECA','Libro','Insert','id:12 Titulo:LA VACA ISBN:10000044 IdCodigoEditorial:3',to_date('25/01/21','DD/MM/RR'));
Insert into GRUPOFBIBLIOTECA.CONTROL (IDCONTROL,USUARIO,TABLA,ACCION,DATOS,FECHA) values ('69','GRUPOFBIBLIOTECA','Libro','Insert','id:13 Titulo:EL TORO ISBN:10000048 IdCodigoEditorial:3',to_date('25/01/21','DD/MM/RR'));
Insert into GRUPOFBIBLIOTECA.CONTROL (IDCONTROL,USUARIO,TABLA,ACCION,DATOS,FECHA) values ('70','GRUPOFBIBLIOTECA','Libro','Insert','id:14 Titulo:PACO YUNQUE ISBN:10000052 IdCodigoEditorial:3',to_date('25/01/21','DD/MM/RR'));
Insert into GRUPOFBIBLIOTECA.CONTROL (IDCONTROL,USUARIO,TABLA,ACCION,DATOS,FECHA) values ('71','GRUPOFBIBLIOTECA','Libro','Insert','id:15 Titulo:Y DONDE ESTA EL QUESO ISBN:10000056 IdCodigoEditorial:3',to_date('25/01/21','DD/MM/RR'));
Insert into GRUPOFBIBLIOTECA.CONTROL (IDCONTROL,USUARIO,TABLA,ACCION,DATOS,FECHA) values ('72','GRUPOFBIBLIOTECA','Libro','Insert','id:16 Titulo:LA METAMORFOSIS ISBN:10000060 IdCodigoEditorial:4',to_date('25/01/21','DD/MM/RR'));
Insert into GRUPOFBIBLIOTECA.CONTROL (IDCONTROL,USUARIO,TABLA,ACCION,DATOS,FECHA) values ('73','GRUPOFBIBLIOTECA','Libro','Insert','id:17 Titulo:7 ENSAYOS ISBN:10000064 IdCodigoEditorial:4',to_date('25/01/21','DD/MM/RR'));
Insert into GRUPOFBIBLIOTECA.CONTROL (IDCONTROL,USUARIO,TABLA,ACCION,DATOS,FECHA) values ('74','GRUPOFBIBLIOTECA','Libro','Insert','id:18 Titulo:EL SEÑOR DE LAS MOSCAS ISBN:10000068 IdCodigoEditorial:4',to_date('25/01/21','DD/MM/RR'));
Insert into GRUPOFBIBLIOTECA.CONTROL (IDCONTROL,USUARIO,TABLA,ACCION,DATOS,FECHA) values ('75','GRUPOFBIBLIOTECA','Libro','Insert','id:19 Titulo:MADAN BOBARI ISBN:10000072 IdCodigoEditorial:4',to_date('25/01/21','DD/MM/RR'));
Insert into GRUPOFBIBLIOTECA.CONTROL (IDCONTROL,USUARIO,TABLA,ACCION,DATOS,FECHA) values ('76','GRUPOFBIBLIOTECA','Libro','Insert','id:20 Titulo:EL HOMBRE INVISIBLE ISBN:10000076 IdCodigoEditorial:4',to_date('25/01/21','DD/MM/RR'));
Insert into GRUPOFBIBLIOTECA.CONTROL (IDCONTROL,USUARIO,TABLA,ACCION,DATOS,FECHA) values ('77','GRUPOFBIBLIOTECA','Libro','Insert','id:21 Titulo:DRACULA ISBN:10000080 IdCodigoEditorial:5',to_date('25/01/21','DD/MM/RR'));
Insert into GRUPOFBIBLIOTECA.CONTROL (IDCONTROL,USUARIO,TABLA,ACCION,DATOS,FECHA) values ('78','GRUPOFBIBLIOTECA','Libro','Insert','id:22 Titulo:ALUCAR ISBN:10000084 IdCodigoEditorial:5',to_date('25/01/21','DD/MM/RR'));
Insert into GRUPOFBIBLIOTECA.CONTROL (IDCONTROL,USUARIO,TABLA,ACCION,DATOS,FECHA) values ('79','GRUPOFBIBLIOTECA','Libro','Insert','id:23 Titulo:HARRY POTTER ISBN:10000088 IdCodigoEditorial:5',to_date('25/01/21','DD/MM/RR'));
Insert into GRUPOFBIBLIOTECA.CONTROL (IDCONTROL,USUARIO,TABLA,ACCION,DATOS,FECHA) values ('80','GRUPOFBIBLIOTECA','Libro','Insert','id:24 Titulo:EL SEÑOR DE LOS ANILLOS ISBN:10000092 IdCodigoEditorial:5',to_date('25/01/21','DD/MM/RR'));
Insert into GRUPOFBIBLIOTECA.CONTROL (IDCONTROL,USUARIO,TABLA,ACCION,DATOS,FECHA) values ('81','GRUPOFBIBLIOTECA','Libro','Insert','id:25 Titulo:PINOCHO ISBN:10000096 IdCodigoEditorial:5',to_date('25/01/21','DD/MM/RR'));
Insert into GRUPOFBIBLIOTECA.CONTROL (IDCONTROL,USUARIO,TABLA,ACCION,DATOS,FECHA) values ('82','GRUPOFBIBLIOTECA','Detalle_Prestamo','Insert','id:2 IdPrestamo:1 IdLibro:1 FechaDevol:25/01/21 Mora:10 Devuelto:DEVUELTO',to_date('25/01/21','DD/MM/RR'));
Insert into GRUPOFBIBLIOTECA.CONTROL (IDCONTROL,USUARIO,TABLA,ACCION,DATOS,FECHA) values ('83','GRUPOFBIBLIOTECA','Detalle_Prestamo','Insert','id:3 IdPrestamo:1 IdLibro:1 FechaDevol:25/01/21 Mora:10 Devuelto:DEVUELTO',to_date('25/01/21','DD/MM/RR'));
Insert into GRUPOFBIBLIOTECA.CONTROL (IDCONTROL,USUARIO,TABLA,ACCION,DATOS,FECHA) values ('84','GRUPOFBIBLIOTECA','Detalle_Prestamo','Insert','id:4 IdPrestamo:1 IdLibro:1 FechaDevol:25/01/21 Mora:10 Devuelto:NO DEVUELTO',to_date('25/01/21','DD/MM/RR'));
Insert into GRUPOFBIBLIOTECA.CONTROL (IDCONTROL,USUARIO,TABLA,ACCION,DATOS,FECHA) values ('85','GRUPOFBIBLIOTECA','Detalle_Prestamo','Insert','id:5 IdPrestamo:1 IdLibro:1 FechaDevol:25/01/21 Mora:10 Devuelto:DEVUELTO',to_date('25/01/21','DD/MM/RR'));
Insert into GRUPOFBIBLIOTECA.CONTROL (IDCONTROL,USUARIO,TABLA,ACCION,DATOS,FECHA) values ('86','GRUPOFBIBLIOTECA','Detalle_Prestamo','Insert','id:6 IdPrestamo:1 IdLibro:1 FechaDevol:25/01/21 Mora:10 Devuelto:DEVUELTO',to_date('25/01/21','DD/MM/RR'));
Insert into GRUPOFBIBLIOTECA.CONTROL (IDCONTROL,USUARIO,TABLA,ACCION,DATOS,FECHA) values ('87','GRUPOFBIBLIOTECA','Detalle_Prestamo','Insert','id:7 IdPrestamo:2 IdLibro:3 FechaDevol:25/01/21 Mora:10 Devuelto:NO DEVUELTO',to_date('25/01/21','DD/MM/RR'));
Insert into GRUPOFBIBLIOTECA.CONTROL (IDCONTROL,USUARIO,TABLA,ACCION,DATOS,FECHA) values ('88','GRUPOFBIBLIOTECA','Detalle_Prestamo','Insert','id:8 IdPrestamo:2 IdLibro:3 FechaDevol:25/01/21 Mora:10 Devuelto:DEVUELTO',to_date('25/01/21','DD/MM/RR'));
Insert into GRUPOFBIBLIOTECA.CONTROL (IDCONTROL,USUARIO,TABLA,ACCION,DATOS,FECHA) values ('89','GRUPOFBIBLIOTECA','Detalle_Prestamo','Insert','id:9 IdPrestamo:2 IdLibro:3 FechaDevol:25/01/21 Mora:10 Devuelto:DEVUELTO',to_date('25/01/21','DD/MM/RR'));
Insert into GRUPOFBIBLIOTECA.CONTROL (IDCONTROL,USUARIO,TABLA,ACCION,DATOS,FECHA) values ('90','GRUPOFBIBLIOTECA','Detalle_Prestamo','Insert','id:10 IdPrestamo:2 IdLibro:3 FechaDevol:25/01/21 Mora:10 Devuelto:DEVUELTO',to_date('25/01/21','DD/MM/RR'));
Insert into GRUPOFBIBLIOTECA.CONTROL (IDCONTROL,USUARIO,TABLA,ACCION,DATOS,FECHA) values ('91','GRUPOFBIBLIOTECA','Detalle_Prestamo','Insert','id:11 IdPrestamo:2 IdLibro:3 FechaDevol:25/01/21 Mora:10 Devuelto:DEVUELTO',to_date('25/01/21','DD/MM/RR'));
Insert into GRUPOFBIBLIOTECA.CONTROL (IDCONTROL,USUARIO,TABLA,ACCION,DATOS,FECHA) values ('92','GRUPOFBIBLIOTECA','Detalle_Prestamo','Insert','id:12 IdPrestamo:3 IdLibro:4 FechaDevol:25/01/21 Mora:10 Devuelto:DEVUELTO',to_date('25/01/21','DD/MM/RR'));
Insert into GRUPOFBIBLIOTECA.CONTROL (IDCONTROL,USUARIO,TABLA,ACCION,DATOS,FECHA) values ('93','GRUPOFBIBLIOTECA','Detalle_Prestamo','Insert','id:13 IdPrestamo:3 IdLibro:4 FechaDevol:25/01/21 Mora:10 Devuelto:DEVUELTO',to_date('25/01/21','DD/MM/RR'));
Insert into GRUPOFBIBLIOTECA.CONTROL (IDCONTROL,USUARIO,TABLA,ACCION,DATOS,FECHA) values ('94','GRUPOFBIBLIOTECA','Detalle_Prestamo','Insert','id:14 IdPrestamo:3 IdLibro:4 FechaDevol:25/01/21 Mora:10 Devuelto:NO DEVUELTO',to_date('25/01/21','DD/MM/RR'));
Insert into GRUPOFBIBLIOTECA.CONTROL (IDCONTROL,USUARIO,TABLA,ACCION,DATOS,FECHA) values ('95','GRUPOFBIBLIOTECA','Detalle_Prestamo','Insert','id:15 IdPrestamo:3 IdLibro:4 FechaDevol:25/01/21 Mora:10 Devuelto:NO DEVUELTO',to_date('25/01/21','DD/MM/RR'));
Insert into GRUPOFBIBLIOTECA.CONTROL (IDCONTROL,USUARIO,TABLA,ACCION,DATOS,FECHA) values ('96','GRUPOFBIBLIOTECA','Detalle_Prestamo','Insert','id:16 IdPrestamo:3 IdLibro:4 FechaDevol:25/01/21 Mora:10 Devuelto:NO DEVUELTO',to_date('25/01/21','DD/MM/RR'));
Insert into GRUPOFBIBLIOTECA.CONTROL (IDCONTROL,USUARIO,TABLA,ACCION,DATOS,FECHA) values ('97','GRUPOFBIBLIOTECA','Detalle_Prestamo','Insert','id:17 IdPrestamo:4 IdLibro:4 FechaDevol:25/01/21 Mora:10 Devuelto:DEVUELTO',to_date('25/01/21','DD/MM/RR'));
Insert into GRUPOFBIBLIOTECA.CONTROL (IDCONTROL,USUARIO,TABLA,ACCION,DATOS,FECHA) values ('98','GRUPOFBIBLIOTECA','Detalle_Prestamo','Insert','id:18 IdPrestamo:4 IdLibro:4 FechaDevol:25/01/21 Mora:10 Devuelto:DEVUELTO',to_date('25/01/21','DD/MM/RR'));
Insert into GRUPOFBIBLIOTECA.CONTROL (IDCONTROL,USUARIO,TABLA,ACCION,DATOS,FECHA) values ('99','GRUPOFBIBLIOTECA','Detalle_Prestamo','Insert','id:19 IdPrestamo:4 IdLibro:5 FechaDevol:25/01/21 Mora:10 Devuelto:DEVUELTO',to_date('25/01/21','DD/MM/RR'));
Insert into GRUPOFBIBLIOTECA.CONTROL (IDCONTROL,USUARIO,TABLA,ACCION,DATOS,FECHA) values ('100','GRUPOFBIBLIOTECA','Detalle_Prestamo','Insert','id:20 IdPrestamo:4 IdLibro:5 FechaDevol:25/01/21 Mora:10 Devuelto:DEVUELTO',to_date('25/01/21','DD/MM/RR'));
Insert into GRUPOFBIBLIOTECA.CONTROL (IDCONTROL,USUARIO,TABLA,ACCION,DATOS,FECHA) values ('101','GRUPOFBIBLIOTECA','Detalle_Prestamo','Insert','id:21 IdPrestamo:4 IdLibro:5 FechaDevol:25/01/21 Mora:10 Devuelto:DEVUELTO',to_date('25/01/21','DD/MM/RR'));
Insert into GRUPOFBIBLIOTECA.CONTROL (IDCONTROL,USUARIO,TABLA,ACCION,DATOS,FECHA) values ('102','GRUPOFBIBLIOTECA','Detalle_Prestamo','Insert','id:22 IdPrestamo:5 IdLibro:5 FechaDevol:25/01/21 Mora:30 Devuelto:DEVUELTO',to_date('25/01/21','DD/MM/RR'));
Insert into GRUPOFBIBLIOTECA.CONTROL (IDCONTROL,USUARIO,TABLA,ACCION,DATOS,FECHA) values ('103','GRUPOFBIBLIOTECA','Detalle_Prestamo','Insert','id:23 IdPrestamo:5 IdLibro:5 FechaDevol:25/01/21 Mora:30 Devuelto:DEVUELTO',to_date('25/01/21','DD/MM/RR'));
Insert into GRUPOFBIBLIOTECA.CONTROL (IDCONTROL,USUARIO,TABLA,ACCION,DATOS,FECHA) values ('104','GRUPOFBIBLIOTECA','Detalle_Prestamo','Insert','id:24 IdPrestamo:5 IdLibro:5 FechaDevol:25/01/21 Mora:30 Devuelto:DEVUELTO',to_date('25/01/21','DD/MM/RR'));
Insert into GRUPOFBIBLIOTECA.CONTROL (IDCONTROL,USUARIO,TABLA,ACCION,DATOS,FECHA) values ('105','GRUPOFBIBLIOTECA','Detalle_Prestamo','Insert','id:25 IdPrestamo:5 IdLibro:6 FechaDevol:25/01/21 Mora:10 Devuelto:DEVUELTO',to_date('25/01/21','DD/MM/RR'));
Insert into GRUPOFBIBLIOTECA.CONTROL (IDCONTROL,USUARIO,TABLA,ACCION,DATOS,FECHA) values ('106','GRUPOFBIBLIOTECA','Detalle_Prestamo','Insert','id:26 IdPrestamo:5 IdLibro:6 FechaDevol:25/01/21 Mora:10 Devuelto:DEVUELTO',to_date('25/01/21','DD/MM/RR'));
Insert into GRUPOFBIBLIOTECA.CONTROL (IDCONTROL,USUARIO,TABLA,ACCION,DATOS,FECHA) values ('107','GRUPOFBIBLIOTECA','Detalle_Prestamo','Insert','id:27 IdPrestamo:6 IdLibro:6 FechaDevol:25/01/21 Mora:10 Devuelto:DEVUELTO',to_date('25/01/21','DD/MM/RR'));
Insert into GRUPOFBIBLIOTECA.CONTROL (IDCONTROL,USUARIO,TABLA,ACCION,DATOS,FECHA) values ('108','GRUPOFBIBLIOTECA','Detalle_Prestamo','Insert','id:28 IdPrestamo:6 IdLibro:6 FechaDevol:25/01/21 Mora:10 Devuelto:DEVUELTO',to_date('25/01/21','DD/MM/RR'));
Insert into GRUPOFBIBLIOTECA.CONTROL (IDCONTROL,USUARIO,TABLA,ACCION,DATOS,FECHA) values ('109','GRUPOFBIBLIOTECA','Detalle_Prestamo','Insert','id:29 IdPrestamo:6 IdLibro:7 FechaDevol:25/01/21 Mora:10 Devuelto:DEVUELTO',to_date('25/01/21','DD/MM/RR'));
Insert into GRUPOFBIBLIOTECA.CONTROL (IDCONTROL,USUARIO,TABLA,ACCION,DATOS,FECHA) values ('110','GRUPOFBIBLIOTECA','Detalle_Prestamo','Insert','id:30 IdPrestamo:6 IdLibro:7 FechaDevol:25/01/21 Mora:20 Devuelto:DEVUELTO',to_date('25/01/21','DD/MM/RR'));
Insert into GRUPOFBIBLIOTECA.CONTROL (IDCONTROL,USUARIO,TABLA,ACCION,DATOS,FECHA) values ('111','GRUPOFBIBLIOTECA','Detalle_Prestamo','Insert','id:31 IdPrestamo:6 IdLibro:7 FechaDevol:25/01/21 Mora:20 Devuelto:DEVUELTO',to_date('25/01/21','DD/MM/RR'));
Insert into GRUPOFBIBLIOTECA.CONTROL (IDCONTROL,USUARIO,TABLA,ACCION,DATOS,FECHA) values ('112','GRUPOFBIBLIOTECA','Detalle_Prestamo','Insert','id:32 IdPrestamo:7 IdLibro:7 FechaDevol:25/01/21 Mora:20 Devuelto:DEVUELTO',to_date('25/01/21','DD/MM/RR'));
Insert into GRUPOFBIBLIOTECA.CONTROL (IDCONTROL,USUARIO,TABLA,ACCION,DATOS,FECHA) values ('113','GRUPOFBIBLIOTECA','Detalle_Prestamo','Insert','id:33 IdPrestamo:7 IdLibro:7 FechaDevol:25/01/21 Mora:20 Devuelto:DEVUELTO',to_date('25/01/21','DD/MM/RR'));
Insert into GRUPOFBIBLIOTECA.CONTROL (IDCONTROL,USUARIO,TABLA,ACCION,DATOS,FECHA) values ('114','GRUPOFBIBLIOTECA','Detalle_Prestamo','Insert','id:34 IdPrestamo:7 IdLibro:7 FechaDevol:25/01/21 Mora:20 Devuelto:DEVUELTO',to_date('25/01/21','DD/MM/RR'));
Insert into GRUPOFBIBLIOTECA.CONTROL (IDCONTROL,USUARIO,TABLA,ACCION,DATOS,FECHA) values ('115','GRUPOFBIBLIOTECA','Detalle_Prestamo','Insert','id:35 IdPrestamo:7 IdLibro:7 FechaDevol:25/01/21 Mora:20 Devuelto:DEVUELTO',to_date('25/01/21','DD/MM/RR'));
Insert into GRUPOFBIBLIOTECA.CONTROL (IDCONTROL,USUARIO,TABLA,ACCION,DATOS,FECHA) values ('116','GRUPOFBIBLIOTECA','Detalle_Prestamo','Insert','id:36 IdPrestamo:7 IdLibro:7 FechaDevol:25/01/21 Mora:20 Devuelto:DEVUELTO',to_date('25/01/21','DD/MM/RR'));
Insert into GRUPOFBIBLIOTECA.CONTROL (IDCONTROL,USUARIO,TABLA,ACCION,DATOS,FECHA) values ('117','GRUPOFBIBLIOTECA','Detalle_Prestamo','Insert','id:37 IdPrestamo:3 IdLibro:4 FechaDevol:25/01/21 Mora:10 Devuelto:NO DEVUELTO',to_date('25/01/21','DD/MM/RR'));
Insert into GRUPOFBIBLIOTECA.CONTROL (IDCONTROL,USUARIO,TABLA,ACCION,DATOS,FECHA) values ('118','GRUPOFBIBLIOTECA','Detalle_Prestamo','Insert','id:38 IdPrestamo:3 IdLibro:4 FechaDevol:25/01/21 Mora:10 Devuelto:NO DEVUELTO',to_date('25/01/21','DD/MM/RR'));
Insert into GRUPOFBIBLIOTECA.CONTROL (IDCONTROL,USUARIO,TABLA,ACCION,DATOS,FECHA) values ('119','GRUPOFBIBLIOTECA','Detalle_Prestamo','Insert','id:39 IdPrestamo:3 IdLibro:5 FechaDevol:25/01/21 Mora:10 Devuelto:NO DEVUELTO',to_date('25/01/21','DD/MM/RR'));
Insert into GRUPOFBIBLIOTECA.CONTROL (IDCONTROL,USUARIO,TABLA,ACCION,DATOS,FECHA) values ('120','GRUPOFBIBLIOTECA','Detalle_Prestamo','Insert','id:40 IdPrestamo:2 IdLibro:5 FechaDevol:25/01/21 Mora:10 Devuelto:NO DEVUELTO',to_date('25/01/21','DD/MM/RR'));
Insert into GRUPOFBIBLIOTECA.CONTROL (IDCONTROL,USUARIO,TABLA,ACCION,DATOS,FECHA) values ('121','GRUPOFBIBLIOTECA','Detalle_Prestamo','Insert','id:41 IdPrestamo:1 IdLibro:6 FechaDevol:25/01/21 Mora:10 Devuelto:NO DEVUELTO',to_date('25/01/21','DD/MM/RR'));
Insert into GRUPOFBIBLIOTECA.CONTROL (IDCONTROL,USUARIO,TABLA,ACCION,DATOS,FECHA) values ('122','GRUPOFBIBLIOTECA','Detalle_Prestamo','Insert','id:42 IdPrestamo:5 IdLibro:6 FechaDevol:25/01/21 Mora:10 Devuelto:NO DEVUELTO',to_date('25/01/21','DD/MM/RR'));
Insert into GRUPOFBIBLIOTECA.CONTROL (IDCONTROL,USUARIO,TABLA,ACCION,DATOS,FECHA) values ('123','GRUPOFBIBLIOTECA','Detalle_Prestamo','Insert','id:43 IdPrestamo:3 IdLibro:4 FechaDevol:25/01/21 Mora:10 Devuelto:NO DEVUELTO',to_date('25/01/21','DD/MM/RR'));
Insert into GRUPOFBIBLIOTECA.CONTROL (IDCONTROL,USUARIO,TABLA,ACCION,DATOS,FECHA) values ('124','GRUPOFBIBLIOTECA','Autores Libro','Insert','id:21 Numero de Libro1 Numero de Autor:1',to_date('25/01/21','DD/MM/RR'));
Insert into GRUPOFBIBLIOTECA.CONTROL (IDCONTROL,USUARIO,TABLA,ACCION,DATOS,FECHA) values ('125','GRUPOFBIBLIOTECA','Autores Libro','Insert','id:22 Numero de Libro1 Numero de Autor:1',to_date('25/01/21','DD/MM/RR'));
Insert into GRUPOFBIBLIOTECA.CONTROL (IDCONTROL,USUARIO,TABLA,ACCION,DATOS,FECHA) values ('126','GRUPOFBIBLIOTECA','Autores Libro','Insert','id:23 Numero de Libro1 Numero de Autor:1',to_date('25/01/21','DD/MM/RR'));
Insert into GRUPOFBIBLIOTECA.CONTROL (IDCONTROL,USUARIO,TABLA,ACCION,DATOS,FECHA) values ('127','GRUPOFBIBLIOTECA','Autores Libro','Insert','id:24 Numero de Libro1 Numero de Autor:1',to_date('25/01/21','DD/MM/RR'));
Insert into GRUPOFBIBLIOTECA.CONTROL (IDCONTROL,USUARIO,TABLA,ACCION,DATOS,FECHA) values ('128','GRUPOFBIBLIOTECA','Autores Libro','Insert','id:25 Numero de Libro1 Numero de Autor:1',to_date('25/01/21','DD/MM/RR'));
Insert into GRUPOFBIBLIOTECA.CONTROL (IDCONTROL,USUARIO,TABLA,ACCION,DATOS,FECHA) values ('129','GRUPOFBIBLIOTECA','Autores Libro','Insert','id:26 Numero de Libro1 Numero de Autor:2',to_date('25/01/21','DD/MM/RR'));
Insert into GRUPOFBIBLIOTECA.CONTROL (IDCONTROL,USUARIO,TABLA,ACCION,DATOS,FECHA) values ('130','GRUPOFBIBLIOTECA','Autores Libro','Insert','id:27 Numero de Libro1 Numero de Autor:2',to_date('25/01/21','DD/MM/RR'));
Insert into GRUPOFBIBLIOTECA.CONTROL (IDCONTROL,USUARIO,TABLA,ACCION,DATOS,FECHA) values ('131','GRUPOFBIBLIOTECA','Autores Libro','Insert','id:28 Numero de Libro1 Numero de Autor:2',to_date('25/01/21','DD/MM/RR'));
Insert into GRUPOFBIBLIOTECA.CONTROL (IDCONTROL,USUARIO,TABLA,ACCION,DATOS,FECHA) values ('132','GRUPOFBIBLIOTECA','Autores Libro','Insert','id:29 Numero de Libro1 Numero de Autor:2',to_date('25/01/21','DD/MM/RR'));
Insert into GRUPOFBIBLIOTECA.CONTROL (IDCONTROL,USUARIO,TABLA,ACCION,DATOS,FECHA) values ('133','GRUPOFBIBLIOTECA','Autores Libro','Insert','id:30 Numero de Libro1 Numero de Autor:2',to_date('25/01/21','DD/MM/RR'));
Insert into GRUPOFBIBLIOTECA.CONTROL (IDCONTROL,USUARIO,TABLA,ACCION,DATOS,FECHA) values ('134','GRUPOFBIBLIOTECA','Autores Libro','Insert','id:31 Numero de Libro2 Numero de Autor:3',to_date('25/01/21','DD/MM/RR'));
Insert into GRUPOFBIBLIOTECA.CONTROL (IDCONTROL,USUARIO,TABLA,ACCION,DATOS,FECHA) values ('135','GRUPOFBIBLIOTECA','Autores Libro','Insert','id:32 Numero de Libro2 Numero de Autor:3',to_date('25/01/21','DD/MM/RR'));
Insert into GRUPOFBIBLIOTECA.CONTROL (IDCONTROL,USUARIO,TABLA,ACCION,DATOS,FECHA) values ('136','GRUPOFBIBLIOTECA','Autores Libro','Insert','id:33 Numero de Libro2 Numero de Autor:3',to_date('25/01/21','DD/MM/RR'));
Insert into GRUPOFBIBLIOTECA.CONTROL (IDCONTROL,USUARIO,TABLA,ACCION,DATOS,FECHA) values ('137','GRUPOFBIBLIOTECA','Autores Libro','Insert','id:34 Numero de Libro2 Numero de Autor:3',to_date('25/01/21','DD/MM/RR'));
Insert into GRUPOFBIBLIOTECA.CONTROL (IDCONTROL,USUARIO,TABLA,ACCION,DATOS,FECHA) values ('138','GRUPOFBIBLIOTECA','Autores Libro','Insert','id:35 Numero de Libro2 Numero de Autor:3',to_date('25/01/21','DD/MM/RR'));
Insert into GRUPOFBIBLIOTECA.CONTROL (IDCONTROL,USUARIO,TABLA,ACCION,DATOS,FECHA) values ('139','GRUPOFBIBLIOTECA','Autores Libro','Insert','id:36 Numero de Libro2 Numero de Autor:4',to_date('25/01/21','DD/MM/RR'));
Insert into GRUPOFBIBLIOTECA.CONTROL (IDCONTROL,USUARIO,TABLA,ACCION,DATOS,FECHA) values ('140','GRUPOFBIBLIOTECA','Autores Libro','Insert','id:37 Numero de Libro2 Numero de Autor:4',to_date('25/01/21','DD/MM/RR'));
Insert into GRUPOFBIBLIOTECA.CONTROL (IDCONTROL,USUARIO,TABLA,ACCION,DATOS,FECHA) values ('141','GRUPOFBIBLIOTECA','Autores Libro','Insert','id:38 Numero de Libro2 Numero de Autor:4',to_date('25/01/21','DD/MM/RR'));
Insert into GRUPOFBIBLIOTECA.CONTROL (IDCONTROL,USUARIO,TABLA,ACCION,DATOS,FECHA) values ('142','GRUPOFBIBLIOTECA','Autores Libro','Insert','id:39 Numero de Libro2 Numero de Autor:4',to_date('25/01/21','DD/MM/RR'));
Insert into GRUPOFBIBLIOTECA.CONTROL (IDCONTROL,USUARIO,TABLA,ACCION,DATOS,FECHA) values ('143','GRUPOFBIBLIOTECA','Autores Libro','Insert','id:40 Numero de Libro2 Numero de Autor:4',to_date('25/01/21','DD/MM/RR'));
Insert into GRUPOFBIBLIOTECA.CONTROL (IDCONTROL,USUARIO,TABLA,ACCION,DATOS,FECHA) values ('144','GRUPOFBIBLIOTECA','Autores Libro','Insert','id:41 Numero de Libro3 Numero de Autor:5',to_date('25/01/21','DD/MM/RR'));
Insert into GRUPOFBIBLIOTECA.CONTROL (IDCONTROL,USUARIO,TABLA,ACCION,DATOS,FECHA) values ('145','GRUPOFBIBLIOTECA','Autores Libro','Insert','id:42 Numero de Libro3 Numero de Autor:5',to_date('25/01/21','DD/MM/RR'));
Insert into GRUPOFBIBLIOTECA.CONTROL (IDCONTROL,USUARIO,TABLA,ACCION,DATOS,FECHA) values ('146','GRUPOFBIBLIOTECA','Autores Libro','Insert','id:43 Numero de Libro3 Numero de Autor:5',to_date('25/01/21','DD/MM/RR'));
Insert into GRUPOFBIBLIOTECA.CONTROL (IDCONTROL,USUARIO,TABLA,ACCION,DATOS,FECHA) values ('147','GRUPOFBIBLIOTECA','Autores Libro','Insert','id:44 Numero de Libro3 Numero de Autor:5',to_date('25/01/21','DD/MM/RR'));
Insert into GRUPOFBIBLIOTECA.CONTROL (IDCONTROL,USUARIO,TABLA,ACCION,DATOS,FECHA) values ('148','GRUPOFBIBLIOTECA','Autores Libro','Insert','id:45 Numero de Libro3 Numero de Autor:5',to_date('25/01/21','DD/MM/RR'));
Insert into GRUPOFBIBLIOTECA.CONTROL (IDCONTROL,USUARIO,TABLA,ACCION,DATOS,FECHA) values ('149','GRUPOFBIBLIOTECA','Autores Libro','Insert','id:46 Numero de Libro3 Numero de Autor:6',to_date('25/01/21','DD/MM/RR'));
Insert into GRUPOFBIBLIOTECA.CONTROL (IDCONTROL,USUARIO,TABLA,ACCION,DATOS,FECHA) values ('150','GRUPOFBIBLIOTECA','Autores Libro','Insert','id:47 Numero de Libro3 Numero de Autor:6',to_date('25/01/21','DD/MM/RR'));
Insert into GRUPOFBIBLIOTECA.CONTROL (IDCONTROL,USUARIO,TABLA,ACCION,DATOS,FECHA) values ('151','GRUPOFBIBLIOTECA','Autores Libro','Insert','id:48 Numero de Libro3 Numero de Autor:6',to_date('25/01/21','DD/MM/RR'));
Insert into GRUPOFBIBLIOTECA.CONTROL (IDCONTROL,USUARIO,TABLA,ACCION,DATOS,FECHA) values ('152','GRUPOFBIBLIOTECA','Autores Libro','Insert','id:49 Numero de Libro3 Numero de Autor:6',to_date('25/01/21','DD/MM/RR'));
Insert into GRUPOFBIBLIOTECA.CONTROL (IDCONTROL,USUARIO,TABLA,ACCION,DATOS,FECHA) values ('153','GRUPOFBIBLIOTECA','Autores Libro','Insert','id:50 Numero de Libro3 Numero de Autor:6',to_date('25/01/21','DD/MM/RR'));
Insert into GRUPOFBIBLIOTECA.CONTROL (IDCONTROL,USUARIO,TABLA,ACCION,DATOS,FECHA) values ('154','GRUPOFBIBLIOTECA','Autores Libro','Insert','id:51 Numero de Libro4 Numero de Autor:7',to_date('25/01/21','DD/MM/RR'));
Insert into GRUPOFBIBLIOTECA.CONTROL (IDCONTROL,USUARIO,TABLA,ACCION,DATOS,FECHA) values ('155','GRUPOFBIBLIOTECA','Autores Libro','Insert','id:52 Numero de Libro4 Numero de Autor:7',to_date('25/01/21','DD/MM/RR'));
Insert into GRUPOFBIBLIOTECA.CONTROL (IDCONTROL,USUARIO,TABLA,ACCION,DATOS,FECHA) values ('156','GRUPOFBIBLIOTECA','Autores Libro','Insert','id:53 Numero de Libro4 Numero de Autor:7',to_date('25/01/21','DD/MM/RR'));
Insert into GRUPOFBIBLIOTECA.CONTROL (IDCONTROL,USUARIO,TABLA,ACCION,DATOS,FECHA) values ('157','GRUPOFBIBLIOTECA','Autores Libro','Insert','id:54 Numero de Libro4 Numero de Autor:7',to_date('25/01/21','DD/MM/RR'));
Insert into GRUPOFBIBLIOTECA.CONTROL (IDCONTROL,USUARIO,TABLA,ACCION,DATOS,FECHA) values ('158','GRUPOFBIBLIOTECA','Autores Libro','Insert','id:55 Numero de Libro4 Numero de Autor:7',to_date('25/01/21','DD/MM/RR'));
Insert into GRUPOFBIBLIOTECA.CONTROL (IDCONTROL,USUARIO,TABLA,ACCION,DATOS,FECHA) values ('159','GRUPOFBIBLIOTECA','Autores Libro','Insert','id:56 Numero de Libro4 Numero de Autor:8',to_date('25/01/21','DD/MM/RR'));
Insert into GRUPOFBIBLIOTECA.CONTROL (IDCONTROL,USUARIO,TABLA,ACCION,DATOS,FECHA) values ('160','GRUPOFBIBLIOTECA','Autores Libro','Insert','id:57 Numero de Libro4 Numero de Autor:8',to_date('25/01/21','DD/MM/RR'));
Insert into GRUPOFBIBLIOTECA.CONTROL (IDCONTROL,USUARIO,TABLA,ACCION,DATOS,FECHA) values ('161','GRUPOFBIBLIOTECA','Autores Libro','Insert','id:58 Numero de Libro4 Numero de Autor:8',to_date('25/01/21','DD/MM/RR'));
Insert into GRUPOFBIBLIOTECA.CONTROL (IDCONTROL,USUARIO,TABLA,ACCION,DATOS,FECHA) values ('162','GRUPOFBIBLIOTECA','Autores Libro','Insert','id:59 Numero de Libro4 Numero de Autor:8',to_date('25/01/21','DD/MM/RR'));
Insert into GRUPOFBIBLIOTECA.CONTROL (IDCONTROL,USUARIO,TABLA,ACCION,DATOS,FECHA) values ('163','GRUPOFBIBLIOTECA','Autores Libro','Insert','id:60 Numero de Libro4 Numero de Autor:8',to_date('25/01/21','DD/MM/RR'));
REM INSERTING into GRUPOFBIBLIOTECA.DETALLE_PRESTAMO
SET DEFINE OFF;
Insert into GRUPOFBIBLIOTECA.DETALLE_PRESTAMO (ID_DETALLE_PRESTAMO,ID_PRESTAMO,ID_LIBRO,FECHA_DEVOL,MORA,DEVUELTO) values ('2','1','1',to_date('25/01/21','DD/MM/RR'),'10','DEVUELTO');
Insert into GRUPOFBIBLIOTECA.DETALLE_PRESTAMO (ID_DETALLE_PRESTAMO,ID_PRESTAMO,ID_LIBRO,FECHA_DEVOL,MORA,DEVUELTO) values ('3','1','1',to_date('25/01/21','DD/MM/RR'),'10','DEVUELTO');
Insert into GRUPOFBIBLIOTECA.DETALLE_PRESTAMO (ID_DETALLE_PRESTAMO,ID_PRESTAMO,ID_LIBRO,FECHA_DEVOL,MORA,DEVUELTO) values ('4','1','1',to_date('25/01/21','DD/MM/RR'),'10','NO DEVUELTO');
Insert into GRUPOFBIBLIOTECA.DETALLE_PRESTAMO (ID_DETALLE_PRESTAMO,ID_PRESTAMO,ID_LIBRO,FECHA_DEVOL,MORA,DEVUELTO) values ('5','1','1',to_date('25/01/21','DD/MM/RR'),'10','DEVUELTO');
Insert into GRUPOFBIBLIOTECA.DETALLE_PRESTAMO (ID_DETALLE_PRESTAMO,ID_PRESTAMO,ID_LIBRO,FECHA_DEVOL,MORA,DEVUELTO) values ('6','1','1',to_date('25/01/21','DD/MM/RR'),'10','DEVUELTO');
Insert into GRUPOFBIBLIOTECA.DETALLE_PRESTAMO (ID_DETALLE_PRESTAMO,ID_PRESTAMO,ID_LIBRO,FECHA_DEVOL,MORA,DEVUELTO) values ('7','2','3',to_date('25/01/21','DD/MM/RR'),'10','NO DEVUELTO');
Insert into GRUPOFBIBLIOTECA.DETALLE_PRESTAMO (ID_DETALLE_PRESTAMO,ID_PRESTAMO,ID_LIBRO,FECHA_DEVOL,MORA,DEVUELTO) values ('8','2','3',to_date('25/01/21','DD/MM/RR'),'10','DEVUELTO');
Insert into GRUPOFBIBLIOTECA.DETALLE_PRESTAMO (ID_DETALLE_PRESTAMO,ID_PRESTAMO,ID_LIBRO,FECHA_DEVOL,MORA,DEVUELTO) values ('9','2','3',to_date('25/01/21','DD/MM/RR'),'10','DEVUELTO');
Insert into GRUPOFBIBLIOTECA.DETALLE_PRESTAMO (ID_DETALLE_PRESTAMO,ID_PRESTAMO,ID_LIBRO,FECHA_DEVOL,MORA,DEVUELTO) values ('10','2','3',to_date('25/01/21','DD/MM/RR'),'10','DEVUELTO');
Insert into GRUPOFBIBLIOTECA.DETALLE_PRESTAMO (ID_DETALLE_PRESTAMO,ID_PRESTAMO,ID_LIBRO,FECHA_DEVOL,MORA,DEVUELTO) values ('11','2','3',to_date('25/01/21','DD/MM/RR'),'10','DEVUELTO');
Insert into GRUPOFBIBLIOTECA.DETALLE_PRESTAMO (ID_DETALLE_PRESTAMO,ID_PRESTAMO,ID_LIBRO,FECHA_DEVOL,MORA,DEVUELTO) values ('12','3','4',to_date('25/01/21','DD/MM/RR'),'10','DEVUELTO');
Insert into GRUPOFBIBLIOTECA.DETALLE_PRESTAMO (ID_DETALLE_PRESTAMO,ID_PRESTAMO,ID_LIBRO,FECHA_DEVOL,MORA,DEVUELTO) values ('13','3','4',to_date('25/01/21','DD/MM/RR'),'10','DEVUELTO');
Insert into GRUPOFBIBLIOTECA.DETALLE_PRESTAMO (ID_DETALLE_PRESTAMO,ID_PRESTAMO,ID_LIBRO,FECHA_DEVOL,MORA,DEVUELTO) values ('14','3','4',to_date('25/01/21','DD/MM/RR'),'10','NO DEVUELTO');
Insert into GRUPOFBIBLIOTECA.DETALLE_PRESTAMO (ID_DETALLE_PRESTAMO,ID_PRESTAMO,ID_LIBRO,FECHA_DEVOL,MORA,DEVUELTO) values ('15','3','4',to_date('25/01/21','DD/MM/RR'),'10','NO DEVUELTO');
Insert into GRUPOFBIBLIOTECA.DETALLE_PRESTAMO (ID_DETALLE_PRESTAMO,ID_PRESTAMO,ID_LIBRO,FECHA_DEVOL,MORA,DEVUELTO) values ('16','3','4',to_date('25/01/21','DD/MM/RR'),'10','NO DEVUELTO');
Insert into GRUPOFBIBLIOTECA.DETALLE_PRESTAMO (ID_DETALLE_PRESTAMO,ID_PRESTAMO,ID_LIBRO,FECHA_DEVOL,MORA,DEVUELTO) values ('17','4','4',to_date('25/01/21','DD/MM/RR'),'10','DEVUELTO');
Insert into GRUPOFBIBLIOTECA.DETALLE_PRESTAMO (ID_DETALLE_PRESTAMO,ID_PRESTAMO,ID_LIBRO,FECHA_DEVOL,MORA,DEVUELTO) values ('18','4','4',to_date('25/01/21','DD/MM/RR'),'10','DEVUELTO');
Insert into GRUPOFBIBLIOTECA.DETALLE_PRESTAMO (ID_DETALLE_PRESTAMO,ID_PRESTAMO,ID_LIBRO,FECHA_DEVOL,MORA,DEVUELTO) values ('19','4','5',to_date('25/01/21','DD/MM/RR'),'10','DEVUELTO');
Insert into GRUPOFBIBLIOTECA.DETALLE_PRESTAMO (ID_DETALLE_PRESTAMO,ID_PRESTAMO,ID_LIBRO,FECHA_DEVOL,MORA,DEVUELTO) values ('20','4','5',to_date('25/01/21','DD/MM/RR'),'10','DEVUELTO');
Insert into GRUPOFBIBLIOTECA.DETALLE_PRESTAMO (ID_DETALLE_PRESTAMO,ID_PRESTAMO,ID_LIBRO,FECHA_DEVOL,MORA,DEVUELTO) values ('21','4','5',to_date('25/01/21','DD/MM/RR'),'10','DEVUELTO');
Insert into GRUPOFBIBLIOTECA.DETALLE_PRESTAMO (ID_DETALLE_PRESTAMO,ID_PRESTAMO,ID_LIBRO,FECHA_DEVOL,MORA,DEVUELTO) values ('22','5','5',to_date('25/01/21','DD/MM/RR'),'30','DEVUELTO');
Insert into GRUPOFBIBLIOTECA.DETALLE_PRESTAMO (ID_DETALLE_PRESTAMO,ID_PRESTAMO,ID_LIBRO,FECHA_DEVOL,MORA,DEVUELTO) values ('23','5','5',to_date('25/01/21','DD/MM/RR'),'30','DEVUELTO');
Insert into GRUPOFBIBLIOTECA.DETALLE_PRESTAMO (ID_DETALLE_PRESTAMO,ID_PRESTAMO,ID_LIBRO,FECHA_DEVOL,MORA,DEVUELTO) values ('24','5','5',to_date('25/01/21','DD/MM/RR'),'30','DEVUELTO');
Insert into GRUPOFBIBLIOTECA.DETALLE_PRESTAMO (ID_DETALLE_PRESTAMO,ID_PRESTAMO,ID_LIBRO,FECHA_DEVOL,MORA,DEVUELTO) values ('25','5','6',to_date('25/01/21','DD/MM/RR'),'10','DEVUELTO');
Insert into GRUPOFBIBLIOTECA.DETALLE_PRESTAMO (ID_DETALLE_PRESTAMO,ID_PRESTAMO,ID_LIBRO,FECHA_DEVOL,MORA,DEVUELTO) values ('26','5','6',to_date('25/01/21','DD/MM/RR'),'10','DEVUELTO');
Insert into GRUPOFBIBLIOTECA.DETALLE_PRESTAMO (ID_DETALLE_PRESTAMO,ID_PRESTAMO,ID_LIBRO,FECHA_DEVOL,MORA,DEVUELTO) values ('27','6','6',to_date('25/01/21','DD/MM/RR'),'10','DEVUELTO');
Insert into GRUPOFBIBLIOTECA.DETALLE_PRESTAMO (ID_DETALLE_PRESTAMO,ID_PRESTAMO,ID_LIBRO,FECHA_DEVOL,MORA,DEVUELTO) values ('28','6','6',to_date('25/01/21','DD/MM/RR'),'10','DEVUELTO');
Insert into GRUPOFBIBLIOTECA.DETALLE_PRESTAMO (ID_DETALLE_PRESTAMO,ID_PRESTAMO,ID_LIBRO,FECHA_DEVOL,MORA,DEVUELTO) values ('29','6','7',to_date('25/01/21','DD/MM/RR'),'10','DEVUELTO');
Insert into GRUPOFBIBLIOTECA.DETALLE_PRESTAMO (ID_DETALLE_PRESTAMO,ID_PRESTAMO,ID_LIBRO,FECHA_DEVOL,MORA,DEVUELTO) values ('30','6','7',to_date('25/01/21','DD/MM/RR'),'20','DEVUELTO');
Insert into GRUPOFBIBLIOTECA.DETALLE_PRESTAMO (ID_DETALLE_PRESTAMO,ID_PRESTAMO,ID_LIBRO,FECHA_DEVOL,MORA,DEVUELTO) values ('31','6','7',to_date('25/01/21','DD/MM/RR'),'20','DEVUELTO');
Insert into GRUPOFBIBLIOTECA.DETALLE_PRESTAMO (ID_DETALLE_PRESTAMO,ID_PRESTAMO,ID_LIBRO,FECHA_DEVOL,MORA,DEVUELTO) values ('32','7','7',to_date('25/01/21','DD/MM/RR'),'20','DEVUELTO');
Insert into GRUPOFBIBLIOTECA.DETALLE_PRESTAMO (ID_DETALLE_PRESTAMO,ID_PRESTAMO,ID_LIBRO,FECHA_DEVOL,MORA,DEVUELTO) values ('33','7','7',to_date('25/01/21','DD/MM/RR'),'20','DEVUELTO');
Insert into GRUPOFBIBLIOTECA.DETALLE_PRESTAMO (ID_DETALLE_PRESTAMO,ID_PRESTAMO,ID_LIBRO,FECHA_DEVOL,MORA,DEVUELTO) values ('34','7','7',to_date('25/01/21','DD/MM/RR'),'20','DEVUELTO');
Insert into GRUPOFBIBLIOTECA.DETALLE_PRESTAMO (ID_DETALLE_PRESTAMO,ID_PRESTAMO,ID_LIBRO,FECHA_DEVOL,MORA,DEVUELTO) values ('35','7','7',to_date('25/01/21','DD/MM/RR'),'20','DEVUELTO');
Insert into GRUPOFBIBLIOTECA.DETALLE_PRESTAMO (ID_DETALLE_PRESTAMO,ID_PRESTAMO,ID_LIBRO,FECHA_DEVOL,MORA,DEVUELTO) values ('36','7','7',to_date('25/01/21','DD/MM/RR'),'20','DEVUELTO');
Insert into GRUPOFBIBLIOTECA.DETALLE_PRESTAMO (ID_DETALLE_PRESTAMO,ID_PRESTAMO,ID_LIBRO,FECHA_DEVOL,MORA,DEVUELTO) values ('37','3','4',to_date('25/01/21','DD/MM/RR'),'10','NO DEVUELTO');
Insert into GRUPOFBIBLIOTECA.DETALLE_PRESTAMO (ID_DETALLE_PRESTAMO,ID_PRESTAMO,ID_LIBRO,FECHA_DEVOL,MORA,DEVUELTO) values ('38','3','4',to_date('25/01/21','DD/MM/RR'),'10','NO DEVUELTO');
Insert into GRUPOFBIBLIOTECA.DETALLE_PRESTAMO (ID_DETALLE_PRESTAMO,ID_PRESTAMO,ID_LIBRO,FECHA_DEVOL,MORA,DEVUELTO) values ('39','3','5',to_date('25/01/21','DD/MM/RR'),'10','NO DEVUELTO');
Insert into GRUPOFBIBLIOTECA.DETALLE_PRESTAMO (ID_DETALLE_PRESTAMO,ID_PRESTAMO,ID_LIBRO,FECHA_DEVOL,MORA,DEVUELTO) values ('40','2','5',to_date('25/01/21','DD/MM/RR'),'10','NO DEVUELTO');
Insert into GRUPOFBIBLIOTECA.DETALLE_PRESTAMO (ID_DETALLE_PRESTAMO,ID_PRESTAMO,ID_LIBRO,FECHA_DEVOL,MORA,DEVUELTO) values ('41','1','6',to_date('25/01/21','DD/MM/RR'),'10','NO DEVUELTO');
Insert into GRUPOFBIBLIOTECA.DETALLE_PRESTAMO (ID_DETALLE_PRESTAMO,ID_PRESTAMO,ID_LIBRO,FECHA_DEVOL,MORA,DEVUELTO) values ('42','5','6',to_date('25/01/21','DD/MM/RR'),'10','NO DEVUELTO');
Insert into GRUPOFBIBLIOTECA.DETALLE_PRESTAMO (ID_DETALLE_PRESTAMO,ID_PRESTAMO,ID_LIBRO,FECHA_DEVOL,MORA,DEVUELTO) values ('43','3','4',to_date('25/01/21','DD/MM/RR'),'10','NO DEVUELTO');
REM INSERTING into GRUPOFBIBLIOTECA.EDITORIAL
SET DEFINE OFF;
Insert into GRUPOFBIBLIOTECA.EDITORIAL (ID_COD_ED,NOMBRE_ED,PAIS_ED,TELEFONO_ED) values ('1','lumbreras','peru','650045270');
Insert into GRUPOFBIBLIOTECA.EDITORIAL (ID_COD_ED,NOMBRE_ED,PAIS_ED,TELEFONO_ED) values ('2','coquito','peru','650045276');
Insert into GRUPOFBIBLIOTECA.EDITORIAL (ID_COD_ED,NOMBRE_ED,PAIS_ED,TELEFONO_ED) values ('3','santillan','chile','650045282');
Insert into GRUPOFBIBLIOTECA.EDITORIAL (ID_COD_ED,NOMBRE_ED,PAIS_ED,TELEFONO_ED) values ('4','esopo','chile','650045288');
Insert into GRUPOFBIBLIOTECA.EDITORIAL (ID_COD_ED,NOMBRE_ED,PAIS_ED,TELEFONO_ED) values ('5','trilce','peru','650045294');
REM INSERTING into GRUPOFBIBLIOTECA.LECTOR
SET DEFINE OFF;
Insert into GRUPOFBIBLIOTECA.LECTOR (ID_NUM_TARJETA,NOMBRE_LECTOR,DIRRECION_LECTOR,TELEFONO_LECTOR,DNI) values ('1','JUAN','M7 LT 10','650045210','65025601');
Insert into GRUPOFBIBLIOTECA.LECTOR (ID_NUM_TARJETA,NOMBRE_LECTOR,DIRRECION_LECTOR,TELEFONO_LECTOR,DNI) values ('2','LUIS','M8 LT 11','650045216','65025608');
Insert into GRUPOFBIBLIOTECA.LECTOR (ID_NUM_TARJETA,NOMBRE_LECTOR,DIRRECION_LECTOR,TELEFONO_LECTOR,DNI) values ('3','ROSA','M9 LT 12','650045222','65025615');
Insert into GRUPOFBIBLIOTECA.LECTOR (ID_NUM_TARJETA,NOMBRE_LECTOR,DIRRECION_LECTOR,TELEFONO_LECTOR,DNI) values ('4','GIAN','M10 LT 13','650045228','65025622');
Insert into GRUPOFBIBLIOTECA.LECTOR (ID_NUM_TARJETA,NOMBRE_LECTOR,DIRRECION_LECTOR,TELEFONO_LECTOR,DNI) values ('5','SEBASTIAN','M11 LT 14','650045234','65025629');
Insert into GRUPOFBIBLIOTECA.LECTOR (ID_NUM_TARJETA,NOMBRE_LECTOR,DIRRECION_LECTOR,TELEFONO_LECTOR,DNI) values ('6','DANIEL','M12 LT 15','650045240','65025636');
Insert into GRUPOFBIBLIOTECA.LECTOR (ID_NUM_TARJETA,NOMBRE_LECTOR,DIRRECION_LECTOR,TELEFONO_LECTOR,DNI) values ('7','FERNANDO','M13 LT 16','650045246','65025643');
Insert into GRUPOFBIBLIOTECA.LECTOR (ID_NUM_TARJETA,NOMBRE_LECTOR,DIRRECION_LECTOR,TELEFONO_LECTOR,DNI) values ('8','ABRAHAM','M14 LT 17','650045252','65025650');
Insert into GRUPOFBIBLIOTECA.LECTOR (ID_NUM_TARJETA,NOMBRE_LECTOR,DIRRECION_LECTOR,TELEFONO_LECTOR,DNI) values ('9','ENRIQUE','M15 LT 18','650045258','65025657');
Insert into GRUPOFBIBLIOTECA.LECTOR (ID_NUM_TARJETA,NOMBRE_LECTOR,DIRRECION_LECTOR,TELEFONO_LECTOR,DNI) values ('10','ANGEL','M16 LT 19','650045264','65025664');
REM INSERTING into GRUPOFBIBLIOTECA.LIBRO
SET DEFINE OFF;
Insert into GRUPOFBIBLIOTECA.LIBRO (ID_LIBRO,TITULO,ISBN,ID_COD_ED) values ('1','LA VUELTA AL MUNDO','10000000','1');
Insert into GRUPOFBIBLIOTECA.LIBRO (ID_LIBRO,TITULO,ISBN,ID_COD_ED) values ('2','LOS RIOS PROFUNDOS','10000004','1');
Insert into GRUPOFBIBLIOTECA.LIBRO (ID_LIBRO,TITULO,ISBN,ID_COD_ED) values ('3','LA DIVINA COMEDIA','10000008','1');
Insert into GRUPOFBIBLIOTECA.LIBRO (ID_LIBRO,TITULO,ISBN,ID_COD_ED) values ('4','LA CIUDAD DE LOS PERROS','10000012','1');
Insert into GRUPOFBIBLIOTECA.LIBRO (ID_LIBRO,TITULO,ISBN,ID_COD_ED) values ('5','1984','10000016','1');
Insert into GRUPOFBIBLIOTECA.LIBRO (ID_LIBRO,TITULO,ISBN,ID_COD_ED) values ('6','EDIPO REY','10000020','2');
Insert into GRUPOFBIBLIOTECA.LIBRO (ID_LIBRO,TITULO,ISBN,ID_COD_ED) values ('7','LOS HERALDOS NEGROS','10000024','2');
Insert into GRUPOFBIBLIOTECA.LIBRO (ID_LIBRO,TITULO,ISBN,ID_COD_ED) values ('8','LAS CUITAS DEL JOVEN WEBER','10000028','2');
Insert into GRUPOFBIBLIOTECA.LIBRO (ID_LIBRO,TITULO,ISBN,ID_COD_ED) values ('9','EL PRINCIPITO','10000032','2');
Insert into GRUPOFBIBLIOTECA.LIBRO (ID_LIBRO,TITULO,ISBN,ID_COD_ED) values ('10','AVE SIN NIDO','10000036','2');
Insert into GRUPOFBIBLIOTECA.LIBRO (ID_LIBRO,TITULO,ISBN,ID_COD_ED) values ('11','PADRE RICO PADRE POBRE','10000040','3');
Insert into GRUPOFBIBLIOTECA.LIBRO (ID_LIBRO,TITULO,ISBN,ID_COD_ED) values ('12','LA VACA','10000044','3');
Insert into GRUPOFBIBLIOTECA.LIBRO (ID_LIBRO,TITULO,ISBN,ID_COD_ED) values ('13','EL TORO','10000048','3');
Insert into GRUPOFBIBLIOTECA.LIBRO (ID_LIBRO,TITULO,ISBN,ID_COD_ED) values ('14','PACO YUNQUE','10000052','3');
Insert into GRUPOFBIBLIOTECA.LIBRO (ID_LIBRO,TITULO,ISBN,ID_COD_ED) values ('15','Y DONDE ESTA EL QUESO','10000056','3');
Insert into GRUPOFBIBLIOTECA.LIBRO (ID_LIBRO,TITULO,ISBN,ID_COD_ED) values ('16','LA METAMORFOSIS','10000060','4');
Insert into GRUPOFBIBLIOTECA.LIBRO (ID_LIBRO,TITULO,ISBN,ID_COD_ED) values ('17','7 ENSAYOS','10000064','4');
Insert into GRUPOFBIBLIOTECA.LIBRO (ID_LIBRO,TITULO,ISBN,ID_COD_ED) values ('18','EL SEÑOR DE LAS MOSCAS','10000068','4');
Insert into GRUPOFBIBLIOTECA.LIBRO (ID_LIBRO,TITULO,ISBN,ID_COD_ED) values ('19','MADAN BOBARI','10000072','4');
Insert into GRUPOFBIBLIOTECA.LIBRO (ID_LIBRO,TITULO,ISBN,ID_COD_ED) values ('20','EL HOMBRE INVISIBLE','10000076','4');
Insert into GRUPOFBIBLIOTECA.LIBRO (ID_LIBRO,TITULO,ISBN,ID_COD_ED) values ('21','DRACULA','10000080','5');
Insert into GRUPOFBIBLIOTECA.LIBRO (ID_LIBRO,TITULO,ISBN,ID_COD_ED) values ('22','ALUCAR','10000084','5');
Insert into GRUPOFBIBLIOTECA.LIBRO (ID_LIBRO,TITULO,ISBN,ID_COD_ED) values ('23','HARRY POTTER','10000088','5');
Insert into GRUPOFBIBLIOTECA.LIBRO (ID_LIBRO,TITULO,ISBN,ID_COD_ED) values ('24','EL SEÑOR DE LOS ANILLOS','10000092','5');
Insert into GRUPOFBIBLIOTECA.LIBRO (ID_LIBRO,TITULO,ISBN,ID_COD_ED) values ('25','PINOCHO','10000096','5');
REM INSERTING into GRUPOFBIBLIOTECA.PRESTAMOS
SET DEFINE OFF;
Insert into GRUPOFBIBLIOTECA.PRESTAMOS (ID_PRESTAMO,NUM_TARJETA,FECHA_SALIDA,ID_NUM_TARJETA) values ('1','10000000',to_date('20/01/21','DD/MM/RR'),'1');
Insert into GRUPOFBIBLIOTECA.PRESTAMOS (ID_PRESTAMO,NUM_TARJETA,FECHA_SALIDA,ID_NUM_TARJETA) values ('2','10000006',to_date('20/01/21','DD/MM/RR'),'1');
Insert into GRUPOFBIBLIOTECA.PRESTAMOS (ID_PRESTAMO,NUM_TARJETA,FECHA_SALIDA,ID_NUM_TARJETA) values ('3','10000012',to_date('20/01/21','DD/MM/RR'),'1');
Insert into GRUPOFBIBLIOTECA.PRESTAMOS (ID_PRESTAMO,NUM_TARJETA,FECHA_SALIDA,ID_NUM_TARJETA) values ('4','10000018',to_date('20/01/21','DD/MM/RR'),'1');
Insert into GRUPOFBIBLIOTECA.PRESTAMOS (ID_PRESTAMO,NUM_TARJETA,FECHA_SALIDA,ID_NUM_TARJETA) values ('5','10000024',to_date('21/01/21','DD/MM/RR'),'2');
Insert into GRUPOFBIBLIOTECA.PRESTAMOS (ID_PRESTAMO,NUM_TARJETA,FECHA_SALIDA,ID_NUM_TARJETA) values ('6','10000030',to_date('21/01/21','DD/MM/RR'),'2');
Insert into GRUPOFBIBLIOTECA.PRESTAMOS (ID_PRESTAMO,NUM_TARJETA,FECHA_SALIDA,ID_NUM_TARJETA) values ('7','10000036',to_date('21/01/21','DD/MM/RR'),'2');
Insert into GRUPOFBIBLIOTECA.PRESTAMOS (ID_PRESTAMO,NUM_TARJETA,FECHA_SALIDA,ID_NUM_TARJETA) values ('8','10000042',to_date('21/01/21','DD/MM/RR'),'2');
Insert into GRUPOFBIBLIOTECA.PRESTAMOS (ID_PRESTAMO,NUM_TARJETA,FECHA_SALIDA,ID_NUM_TARJETA) values ('9','10000048',to_date('22/01/21','DD/MM/RR'),'3');
Insert into GRUPOFBIBLIOTECA.PRESTAMOS (ID_PRESTAMO,NUM_TARJETA,FECHA_SALIDA,ID_NUM_TARJETA) values ('10','10000054',to_date('22/01/21','DD/MM/RR'),'3');
Insert into GRUPOFBIBLIOTECA.PRESTAMOS (ID_PRESTAMO,NUM_TARJETA,FECHA_SALIDA,ID_NUM_TARJETA) values ('11','10000060',to_date('22/01/21','DD/MM/RR'),'3');
Insert into GRUPOFBIBLIOTECA.PRESTAMOS (ID_PRESTAMO,NUM_TARJETA,FECHA_SALIDA,ID_NUM_TARJETA) values ('12','10000066',to_date('22/01/21','DD/MM/RR'),'3');
Insert into GRUPOFBIBLIOTECA.PRESTAMOS (ID_PRESTAMO,NUM_TARJETA,FECHA_SALIDA,ID_NUM_TARJETA) values ('13','10000072',to_date('23/01/21','DD/MM/RR'),'4');
Insert into GRUPOFBIBLIOTECA.PRESTAMOS (ID_PRESTAMO,NUM_TARJETA,FECHA_SALIDA,ID_NUM_TARJETA) values ('14','10000078',to_date('23/01/21','DD/MM/RR'),'4');
Insert into GRUPOFBIBLIOTECA.PRESTAMOS (ID_PRESTAMO,NUM_TARJETA,FECHA_SALIDA,ID_NUM_TARJETA) values ('15','10000084',to_date('23/01/21','DD/MM/RR'),'4');
Insert into GRUPOFBIBLIOTECA.PRESTAMOS (ID_PRESTAMO,NUM_TARJETA,FECHA_SALIDA,ID_NUM_TARJETA) values ('16','10000090',to_date('23/01/21','DD/MM/RR'),'4');
Insert into GRUPOFBIBLIOTECA.PRESTAMOS (ID_PRESTAMO,NUM_TARJETA,FECHA_SALIDA,ID_NUM_TARJETA) values ('17','10000096',to_date('24/01/21','DD/MM/RR'),'5');
Insert into GRUPOFBIBLIOTECA.PRESTAMOS (ID_PRESTAMO,NUM_TARJETA,FECHA_SALIDA,ID_NUM_TARJETA) values ('18','10000102',to_date('24/01/21','DD/MM/RR'),'5');
Insert into GRUPOFBIBLIOTECA.PRESTAMOS (ID_PRESTAMO,NUM_TARJETA,FECHA_SALIDA,ID_NUM_TARJETA) values ('19','10000108',to_date('24/01/21','DD/MM/RR'),'5');
Insert into GRUPOFBIBLIOTECA.PRESTAMOS (ID_PRESTAMO,NUM_TARJETA,FECHA_SALIDA,ID_NUM_TARJETA) values ('20','10000114',to_date('24/01/21','DD/MM/RR'),'5');
REM INSERTING into GRUPOFBIBLIOTECA.USUARIO
SET DEFINE OFF;
--------------------------------------------------------
--  DDL for Trigger TR_AUTOR
--------------------------------------------------------

  CREATE OR REPLACE TRIGGER "GRUPOFBIBLIOTECA"."TR_AUTOR" 
BEFORE INSERT OR DELETE OR UPDATE ON AUTOR
FOR EACH ROW
BEGIN
    IF INSERTING THEN
    INSERT INTO CONTROL
    VALUES (
        SQ_CONTROL.NEXTVAL,
        USER,
        'AUTOR',
        'INSERT',
        'ID:'||:new.ID_AUTOR||' '||'NOMBRE:'||:new.NOMBRE_AUTOR,SYSDATE);
    ELSIF DELETING THEN
    INSERT INTO CONTROL
    VALUES (
        SQ_CONTROL.NEXTVAL,
        USER,
        'AUTOR',
        'DELETE',
        'ID:'||:old.ID_AUTOR||' '||'NOMBRE:'||:old.NOMBRE_AUTOR,SYSDATE);
    ELSIF UPDATING THEN
    INSERT INTO CONTROL
    VALUES (
        SQ_CONTROL.NEXTVAL,
        USER,
        'AUTOR',
        'UPDATE',
        'ID:'||:old.ID_AUTOR||' '||'ANTES('||:old.NOMBRE_AUTOR||')AHORA('||:new.NOMBRE_AUTOR||')',SYSDATE);
    END IF;
END;
/
ALTER TRIGGER "GRUPOFBIBLIOTECA"."TR_AUTOR" ENABLE;
--------------------------------------------------------
--  DDL for Trigger TR_AUTORES_LIBRO
--------------------------------------------------------

  CREATE OR REPLACE TRIGGER "GRUPOFBIBLIOTECA"."TR_AUTORES_LIBRO" 
BEFORE INSERT OR DELETE OR UPDATE ON AUTORES_LIBRO
FOR EACH ROW
BEGIN
  IF INSERTING THEN
    INSERT INTO CONTROL
    VALUES (SQ_CONTROL.NEXTVAL,
            USER,
            'Autores Libro',
            'Insert',
              'id:' || :new.id_autores_libro || ' Numero de Libro' || :new.id_libro|| ' Numero de Autor:' || :new.id_autor,SYSDATE);
  ELSIF DELETING THEN
    INSERT INTO CONTROL
    VALUES (SQ_CONTROL.NEXTVAL,
            USER,
            'Autores Libro',
            'delete',
            'id:' || :new.id_autores_libro || ' Numero de Libro' || :new.id_libro|| ' Numero de Autor:' || :new.id_autor,SYSDATE );
    INSERT INTO CONTROL
    VALUES (SQ_CONTROL.NEXTVAL,
            USER,
            'Autores Libro',
            'update',
            'id:' || :old.id_autores_libro || ' Antes:(' || :old.id_libro || ' , ' || :old.id_autor || ' ) Ahora(' || :new.id_libro || ' , ' || :new.id_autor || ' )',SYSDATE);
  END IF;
END;
/
ALTER TRIGGER "GRUPOFBIBLIOTECA"."TR_AUTORES_LIBRO" ENABLE;
--------------------------------------------------------
--  DDL for Trigger TR_DETALLE_PRESTAMO
--------------------------------------------------------

  CREATE OR REPLACE TRIGGER "GRUPOFBIBLIOTECA"."TR_DETALLE_PRESTAMO" 
BEFORE INSERT OR DELETE OR UPDATE ON DETALLE_PRESTAMO
FOR EACH ROW
BEGIN
  IF INSERTING THEN
    INSERT INTO CONTROL
    VALUES (SQ_CONTROL.NEXTVAL, 
            USER,
            'Detalle_Prestamo',
            'Insert',
            'id:' || :new.id_detalle_prestamo || ' IdPrestamo:' || :new.id_prestamo || ' IdLibro:' || :new.id_libro || ' FechaDevol:' || :new.fecha_devol || ' Mora:' || :new.mora || ' Devuelto:' || :new.devuelto,SYSDATE);
  ELSIF DELETING THEN
    INSERT INTO CONTROL
    VALUES (SQ_CONTROL.NEXTVAL,
            USER,
            'Detalle_Prestamo',
            'delete',
            'id:' || :old.id_detalle_prestamo || ' IdPrestamo:' || :old.id_prestamo || ' IdLibro:' || :old.id_libro || ' FechaDevol:' || :old.fecha_devol || ' Mora:' || :old.mora || ' Devuelto:' || :old.devuelto,SYSDATE); 
  ELSIF UPDATING THEN
    INSERT INTO CONTROL
    VALUES (SQ_CONTROL.NEXTVAL,
            USER,
            'Detalle_Prestamo',
            'update',
            'id:' || :old.id_detalle_prestamo || ' Antes:(' || :old.id_prestamo || ' , ' || :old.id_libro || ' , ' || :old.fecha_devol || ' , ' || :old.mora || ' , ' || :old.devuelto || ') Ahora(' || :new.id_prestamo || ' , ' || :new.id_libro || ' , ' || :new.fecha_devol || ' , ' || :new.mora || ' , ' || :new.devuelto || ')',SYSDATE);
  END IF;
END;
/
ALTER TRIGGER "GRUPOFBIBLIOTECA"."TR_DETALLE_PRESTAMO" ENABLE;
--------------------------------------------------------
--  DDL for Trigger TR_EDITORIAL
--------------------------------------------------------

  CREATE OR REPLACE TRIGGER "GRUPOFBIBLIOTECA"."TR_EDITORIAL" 
BEFORE INSERT OR DELETE OR UPDATE ON EDITORIAL
FOR EACH ROW
BEGIN
  IF INSERTING THEN
    INSERT INTO CONTROL
    VALUES (SQ_CONTROL.NEXTVAL,
            USER,
            'Editorial',
            'Insert',
            'id:' || :new.id_cod_ed || ' nombre:' || :new.nombre_ed || ' Pais:' || :new.pais_ed || ' Telefono:' || :new.telefono_ed,SYSDATE);
  ELSIF DELETING THEN
    INSERT INTO CONTROL
    VALUES (SQ_CONTROL.NEXTVAL,
            USER,
            'Editorial',
            'delete',
            'id:' || :old.id_cod_ed || ' nombre:' || :old.nombre_ed || ' Pais:' || :old.pais_ed || ' Telefono:' || :old.telefono_ed,SYSDATE); 
  ELSIF UPDATING THEN
    INSERT INTO CONTROL
    VALUES (SQ_CONTROL.NEXTVAL,
            USER,
            'Editorial',
            'update',
            'id:' || :old.id_cod_ed || ' Antes:(' || :old.nombre_ed || ' , ' || :old.pais_ed || ' , ' || :old.telefono_ed || ') Ahora(' || :new.nombre_ed || ' , ' || :new.pais_ed || ' , ' || :new.telefono_ed || ')',SYSDATE);
  END IF;
END;
/
ALTER TRIGGER "GRUPOFBIBLIOTECA"."TR_EDITORIAL" ENABLE;
--------------------------------------------------------
--  DDL for Trigger TR_LECTOR
--------------------------------------------------------

  CREATE OR REPLACE TRIGGER "GRUPOFBIBLIOTECA"."TR_LECTOR" 
BEFORE INSERT OR DELETE OR UPDATE ON LECTOR
FOR EACH ROW
BEGIN
    IF INSERTING THEN
    INSERT INTO CONTROL
    VALUES (
        SQ_CONTROL.NEXTVAL,
        USER,
        'LECTOR',
        'INSERT',
        'ID:'||:new.ID_NUM_TARJETA||' '||'NOMBRE:'||:new.NOMBRE_LECTOR||' '||'DIRRECION:'||:new.DIRRECION_LECTOR||' '||'TELEFONO:'||:new.TELEFONO_LECTOR ||' '||'DNI:'||:new.DNI,SYSDATE);
    ELSIF DELETING THEN
    INSERT INTO CONTROL
    VALUES (
        SQ_CONTROL.NEXTVAL,
        USER,
        'LECTOR',
        'DELETE',
        'ID:'||:old.ID_NUM_TARJETA||' '||'NOMBRE:'||:old.NOMBRE_LECTOR||' '||'DIRRECION:'||:old.DIRRECION_LECTOR||' '||'TELEFONO:'||:old.TELEFONO_LECTOR ||' '||'DNI:'||:old.DNI,SYSDATE);
    ELSIF UPDATING THEN
    INSERT INTO CONTROL
    VALUES (
        SQ_CONTROL.NEXTVAL,
        USER,
        'LECTOR',
        'UPDATE',
        'ID:'||:old.ID_NUM_TARJETA||' '||'ANTES('||:old.NOMBRE_LECTOR||','||:old.DIRRECION_LECTOR||','||:old.TELEFONO_LECTOR||','||:old.DNI||')AHORA('||:new.NOMBRE_LECTOR||','||:new.DIRRECION_LECTOR||','||:new.TELEFONO_LECTOR||','||:new.DNI||')',SYSDATE);
    END IF;
END;
/
ALTER TRIGGER "GRUPOFBIBLIOTECA"."TR_LECTOR" ENABLE;
--------------------------------------------------------
--  DDL for Trigger TR_LIBRO
--------------------------------------------------------

  CREATE OR REPLACE TRIGGER "GRUPOFBIBLIOTECA"."TR_LIBRO" 
BEFORE INSERT OR DELETE OR UPDATE ON LIBRO
FOR EACH ROW
BEGIN
  IF INSERTING THEN
    INSERT INTO CONTROL
    VALUES (SQ_CONTROL.NEXTVAL,
            USER,
            'Libro',
            'Insert',
            'id:' || :new.id_libro || ' Titulo:' || :new.titulo || ' ISBN:' || :new.isbn || ' IdCodigoEditorial:' || :new.id_cod_ed,SYSDATE);
  ELSIF DELETING THEN
    INSERT INTO CONTROL
    VALUES (SQ_CONTROL.NEXTVAL,
            USER,
            'Libro',
            'delete',
            'id:' || :old.id_libro || ' Titulo:' || :old.titulo || ' ISBN:' || :old.isbn || ' IdCodigoEditorial:' || :old.id_cod_ed,SYSDATE); 
  ELSIF UPDATING THEN
    INSERT INTO CONTROL
    VALUES (SQ_CONTROL.NEXTVAL,
            USER,
            'Libro',
            'update',
            'id:' || :old.id_libro || ' Antes:(' || :old.titulo || ' , ' || :old.isbn || ' , ' || :old.id_cod_ed || ') Ahora(' || :new.titulo || ' , ' || :new.isbn || ' , ' || :new.id_cod_ed || ')',SYSDATE);
  END IF;
END;
/
ALTER TRIGGER "GRUPOFBIBLIOTECA"."TR_LIBRO" ENABLE;
--------------------------------------------------------
--  DDL for Trigger TR_PRESTAMOS
--------------------------------------------------------

  CREATE OR REPLACE TRIGGER "GRUPOFBIBLIOTECA"."TR_PRESTAMOS" 
BEFORE INSERT OR DELETE OR UPDATE ON PRESTAMOS
FOR EACH ROW
BEGIN
  IF INSERTING THEN
    INSERT INTO CONTROL
    VALUES (SQ_CONTROL.NEXTVAL,
            USER,
            'Prestamos',
            'Insert',
            'id:' || :new.id_prestamo || ' numero de tarjeta:' || :new.num_tarjeta|| ' Fecha:' || :new.fecha_salida || ' Numero de Tarjeta' || :new.id_num_tarjeta,SYSDATE);
  ELSIF DELETING THEN
    INSERT INTO CONTROL
    VALUES (SQ_CONTROL.NEXTVAL,
            USER,
            'Prestamos',
            'delete',
            'id:' || :old.id_prestamo || ' numero de tarjeta:' || :old.num_tarjeta || ' Fecha:' || :old.fecha_salida || ' Numero de Tarjeta:' || :old.id_num_tarjeta,SYSDATE); 
  ELSIF UPDATING THEN
    INSERT INTO CONTROL
    VALUES (SQ_CONTROL.NEXTVAL,
            USER,
            'Prestamos',
            'update',
            'id:' || :old.id_prestamo || ' Antes:(' || :old.num_tarjeta || ' , ' || :old.fecha_salida || ' , ' || :old.id_num_tarjeta || ') Ahora(' || :new.num_tarjeta || ' , ' || :new.fecha_salida || ' , ' || :new.id_num_tarjeta || ')',SYSDATE);
  END IF;
END;
/
ALTER TRIGGER "GRUPOFBIBLIOTECA"."TR_PRESTAMOS" ENABLE;
--------------------------------------------------------
--  DDL for Procedure SP_AGREGARAUTOR
--------------------------------------------------------
set define off;

  CREATE OR REPLACE PROCEDURE "GRUPOFBIBLIOTECA"."SP_AGREGARAUTOR" (NOMBRE_AUTOR VARCHAR2)
IS
BEGIN
    INSERT INTO AUTOR
    VALUES(
        SQ_AUTOR.NEXTVAL,
        NOMBRE_AUTOR
    );
END SP_AGREGARAUTOR;

/
--------------------------------------------------------
--  DDL for Procedure SP_AGREGAR_AUTORES_LIBRO
--------------------------------------------------------
set define off;

  CREATE OR REPLACE PROCEDURE "GRUPOFBIBLIOTECA"."SP_AGREGAR_AUTORES_LIBRO" 
    ( id_lib number, id_aut number)
    is
    begin
        INSERT INTO AUTORES_LIBRO
        VALUES(SQ_PRESTAMOS.NEXTVAL,id_lib, id_aut);
    end SP_AGREGAR_AUTORES_LIBRO;

/
--------------------------------------------------------
--  DDL for Procedure SP_AGREGAR_DETALLE_PRESTAMO
--------------------------------------------------------
set define off;

  CREATE OR REPLACE PROCEDURE "GRUPOFBIBLIOTECA"."SP_AGREGAR_DETALLE_PRESTAMO" 
    (idprestamo number, idlibro number, fechadevol date, mora number, devuelto varchar2)
    is
    begin
        INSERT INTO DETALLE_PRESTAMO
        VALUES(SQ_DETALLE_PRESTAMO.NEXTVAL,idprestamo, idlibro, fechadevol, mora, devuelto);
    end SP_AGREGAR_DETALLE_PRESTAMO;

/
--------------------------------------------------------
--  DDL for Procedure SP_AGREGAR_EDITORIAL
--------------------------------------------------------
set define off;

  CREATE OR REPLACE PROCEDURE "GRUPOFBIBLIOTECA"."SP_AGREGAR_EDITORIAL" 
    (nombre varchar2, pais varchar2, telefono varchar2)
    is
    begin
        INSERT INTO EDITORIAL
        VALUES(SQ_EDITORIAL.NEXTVAL,nombre, pais, telefono);
    end SP_AGREGAR_EDITORIAL;

/
--------------------------------------------------------
--  DDL for Procedure SP_AGREGARLECTOR
--------------------------------------------------------
set define off;

  CREATE OR REPLACE PROCEDURE "GRUPOFBIBLIOTECA"."SP_AGREGARLECTOR" (NOMBRE_LECTOR VARCHAR2, DIRRECION_LECTOR VARCHAR2, TELEFONO_LECTOR VARCHAR2, DNI CHAR)
IS
BEGIN
    INSERT INTO LECTOR
    VALUES(
        SQ_LECTOR.NEXTVAL,
        NOMBRE_LECTOR,
        DIRRECION_LECTOR,
        TELEFONO_LECTOR,
        DNI
    );
END SP_AGREGARLECTOR;

/
--------------------------------------------------------
--  DDL for Procedure SP_AGREGAR_LIBRO
--------------------------------------------------------
set define off;

  CREATE OR REPLACE PROCEDURE "GRUPOFBIBLIOTECA"."SP_AGREGAR_LIBRO" 
    (titulo varchar, isbn varchar, ided number)
    is
    begin
        INSERT INTO LIBRO
        VALUES(SQ_LIBRO.NEXTVAL,titulo, isbn, ided);
    end SP_AGREGAR_LIBRO;

/
--------------------------------------------------------
--  DDL for Procedure SP_AGREGAR_PRESTAMOS
--------------------------------------------------------
set define off;

  CREATE OR REPLACE PROCEDURE "GRUPOFBIBLIOTECA"."SP_AGREGAR_PRESTAMOS" 
    (numero_tar varchar2, fecha date, id_numero_tar number)
    is
    begin
        INSERT INTO PRESTAMOS
        VALUES(SQ_PRESTAMOS.NEXTVAL,numero_tar, fecha, id_numero_tar);
    end SP_AGREGAR_PRESTAMOS;

/
--------------------------------------------------------
--  DDL for Procedure SP_EDITARAUTOR
--------------------------------------------------------
set define off;

  CREATE OR REPLACE PROCEDURE "GRUPOFBIBLIOTECA"."SP_EDITARAUTOR" (IDP NUMBER,NOMBRE_AUTORS VARCHAR2)
IS
BEGIN
    UPDATE AUTOR
    SET
        NOMBRE_AUTOR=NOMBRE_AUTORS
    WHERE
       ID_AUTOR=IDP; 
END SP_EDITARAUTOR;

/
--------------------------------------------------------
--  DDL for Procedure SP_EDITARLECTOR
--------------------------------------------------------
set define off;

  CREATE OR REPLACE PROCEDURE "GRUPOFBIBLIOTECA"."SP_EDITARLECTOR" (IDP NUMBER,NOMBRE_LECTORS VARCHAR2, DIRRECION_LECTORS VARCHAR2, TELEFONO_LECTORS VARCHAR2, DNIS CHAR)
IS
BEGIN
    UPDATE LECTOR
    SET
        NOMBRE_LECTOR=NOMBRE_LECTORS,
        DIRRECION_LECTOR=DIRRECION_LECTORS,
        TELEFONO_LECTOR=TELEFONO_LECTORS,
        DNI=DNIS
    WHERE
       ID_NUM_TARJETA=IDP; 
END SP_EDITARLECTOR;

/
--------------------------------------------------------
--  DDL for Procedure SP_ELIMINARAUTOR
--------------------------------------------------------
set define off;

  CREATE OR REPLACE PROCEDURE "GRUPOFBIBLIOTECA"."SP_ELIMINARAUTOR" (IDP NUMBER)
IS
BEGIN
    DELETE FROM AUTOR
    WHERE
        ID_AUTOR = IDP;
END SP_ELIMINARAUTOR;

/
--------------------------------------------------------
--  DDL for Procedure SP_ELIMINAR_AUTORES_LIBRO
--------------------------------------------------------
set define off;

  CREATE OR REPLACE PROCEDURE "GRUPOFBIBLIOTECA"."SP_ELIMINAR_AUTORES_LIBRO" 
    (ide number)
    is
    begin
        DELETE FROM AUTORES_LIBRO
        WHERE
            ID_AUTORES_LIBRO = ide;
    end SP_ELIMINAR_AUTORES_LIBRO;

/
--------------------------------------------------------
--  DDL for Procedure SP_ELIMINAR_DETALLE_PRESTAMO
--------------------------------------------------------
set define off;

  CREATE OR REPLACE PROCEDURE "GRUPOFBIBLIOTECA"."SP_ELIMINAR_DETALLE_PRESTAMO" 
    (iddp number)
    is
    begin
        DELETE FROM DETALLE_PRESTAMO
        WHERE
            ID_DETALLE_PRESTAMO = iddp;
    end SP_ELIMINAR_DETALLE_PRESTAMO;

/
--------------------------------------------------------
--  DDL for Procedure SP_ELIMINAR_EDITORIAL
--------------------------------------------------------
set define off;

  CREATE OR REPLACE PROCEDURE "GRUPOFBIBLIOTECA"."SP_ELIMINAR_EDITORIAL" 
    (ide number)
    is
    begin
        DELETE FROM EDITORIAL
        WHERE
            ID_COD_ED = ide;
    end SP_ELIMINAR_EDITORIAL;

/
--------------------------------------------------------
--  DDL for Procedure SP_ELIMINARLECTOR
--------------------------------------------------------
set define off;

  CREATE OR REPLACE PROCEDURE "GRUPOFBIBLIOTECA"."SP_ELIMINARLECTOR" (IDP NUMBER)
IS
BEGIN
    DELETE FROM LECTOR
    WHERE
        ID_NUM_TARJETA = IDP;
END SP_ELIMINARLECTOR;

/
--------------------------------------------------------
--  DDL for Procedure SP_ELIMINAR_LIBRO
--------------------------------------------------------
set define off;

  CREATE OR REPLACE PROCEDURE "GRUPOFBIBLIOTECA"."SP_ELIMINAR_LIBRO" 
    (idl number)
    is
    begin
        DELETE FROM LIBRO
        WHERE
            ID_LIBRO = idl;
    end SP_ELIMINAR_LIBRO;

/
--------------------------------------------------------
--  DDL for Procedure SP_ELIMINAR_PRESTAMOS
--------------------------------------------------------
set define off;

  CREATE OR REPLACE PROCEDURE "GRUPOFBIBLIOTECA"."SP_ELIMINAR_PRESTAMOS" 
    (ide number)
    is
    begin
        DELETE FROM PRESTAMOS
        WHERE
            ID_PRESTAMO = ide;
    end SP_ELIMINAR_PRESTAMOS;

/
--------------------------------------------------------
--  DDL for Procedure SP_MODIFICAR_AUTOR
--------------------------------------------------------
set define off;

  CREATE OR REPLACE PROCEDURE "GRUPOFBIBLIOTECA"."SP_MODIFICAR_AUTOR" 
(ide number, nombre_autor varchar2)
    
is
    
begin

UPDATE AUTOR       
SET

NOMBRE_AUTOR = nombre_autor

WHERE

ID_AUTOR = ide;

end SP_MODIFICAR_AUTOR;


CREATE or replace TRIGGER TR_AUTOR

BEFORE INSERT OR DELETE OR UPDATE ON AUTOR 

FOR EACH ROW
BEGIN
  IF INSERTING THEN

INSERT INTO CONTROL

VALUES (SQ_CONTROL.NEXTVAL,

USER,
            'Autor',

'Insert',

'id:' || :new.id_autor  || ' nombre_autor'|| :new.nombre_autor,SYSDATE);

 ELSIF DELETING THEN

INSERT INTO CONTROL

 VALUES (SQ_CONTROL.NEXTVAL,

    USER,
            'Autor',

'delete',
            'id:' || :old.id_autor
|| ' nombre_autor:' || :old.nombre_autor,SYSDATE) ; 

ELSIF UPDATING THEN

INSERT INTO CONTROL

VALUES (SQ_CONTROL.NEXTVAL,

USER,

'Autor',

'update',

 'id:' || :old.id_autor || 
' Antes:(' || :old.nombre_autor || ' ,
 Ahora(' || :new.nombre_autor|| 
',SYSDATE);

 END 
IF;

END;

/
--------------------------------------------------------
--  DDL for Procedure SP_MODIFICAR_AUTORES_LIBRO
--------------------------------------------------------
set define off;

  CREATE OR REPLACE PROCEDURE "GRUPOFBIBLIOTECA"."SP_MODIFICAR_AUTORES_LIBRO" 
    (ide number, id_lib number, id_aut number)
    is
    begin
        UPDATE AUTORES_LIBRO
        SET
            ID_LIBRO = id_lib,
            ID_AUTOR = id_aut
        WHERE
            ID_AUTORES_LIBRO = ide;
    end SP_MODIFICAR_AUTORES_LIBRO;

/
--------------------------------------------------------
--  DDL for Procedure SP_MODIFICAR_DETALLE_PRESTAMO
--------------------------------------------------------
set define off;

  CREATE OR REPLACE PROCEDURE "GRUPOFBIBLIOTECA"."SP_MODIFICAR_DETALLE_PRESTAMO" 
    (iddp number, idprestamo number, idlibro number, fechadevol date, morap number, devueltop varchar2)
    is
    begin
        UPDATE DETALLE_PRESTAMO
        SET
            id_prestamo = idprestamo,
            id_libro = idlibro,
            fecha_devol = fechadevol,
            mora = morap,
            devuelto = devueltop
        WHERE
            id_detalle_prestamo = iddp;
    end SP_MODIFICAR_DETALLE_PRESTAMO;

/
--------------------------------------------------------
--  DDL for Procedure SP_MODIFICAR_EDITORIAL
--------------------------------------------------------
set define off;

  CREATE OR REPLACE PROCEDURE "GRUPOFBIBLIOTECA"."SP_MODIFICAR_EDITORIAL" 
    (ide number, nombre varchar2, pais varchar2, telefono varchar2)
    is
    begin
        UPDATE EDITORIAL
        SET
            NOMBRE_ED = nombre,
            PAIS_ED = pais,
            TELEFONO_ED = telefono
        WHERE
            ID_COD_ED = ide;
    end SP_MODIFICAR_EDITORIAL;

/
--------------------------------------------------------
--  DDL for Procedure SP_MODIFICAR_LIBRO
--------------------------------------------------------
set define off;

  CREATE OR REPLACE PROCEDURE "GRUPOFBIBLIOTECA"."SP_MODIFICAR_LIBRO" 
    (idl number, titulop varchar, isbnp varchar, ided number)
    is
    begin
        UPDATE LIBRO
        SET
            TITULO = titulop,
            ISBN = isbnp,
            ID_COD_ED = ided
        WHERE
            ID_LIBRO = idl;
    end SP_MODIFICAR_LIBRO;

/
--------------------------------------------------------
--  DDL for Procedure SP_MODIFICAR_PRESTAMOS
--------------------------------------------------------
set define off;

  CREATE OR REPLACE PROCEDURE "GRUPOFBIBLIOTECA"."SP_MODIFICAR_PRESTAMOS" 
    (ide number, numero_tar varchar2, fecha date, id_numero_tar number)
    is
    begin
        UPDATE PRESTAMOS
        SET
            NUM_TARJETA = numero_tar,
            FECHA_SALIDA = fecha,
            ID_NUM_TARJETA = id_numero_tar
        WHERE
            ID_PRESTAMO = ide;
    end SP_MODIFICAR_PRESTAMOS;

/
--------------------------------------------------------
--  DDL for Function FN_GETIMPORTEMORA
--------------------------------------------------------

  CREATE OR REPLACE FUNCTION "GRUPOFBIBLIOTECA"."FN_GETIMPORTEMORA" (dniLector char) 
          RETURN NUMBER
          IS
              mora number;
          BEGIN
            SELECT 
                d.mora INTO mora
            FROM 
                lector l,
                prestamos p,
                detalle_prestamo d
            WHERE
                l.id_num_tarjeta = p.id_num_tarjeta AND
                p.id_prestamo = d.id_prestamo;
            return mora;
          END FN_GETIMPORTEMORA;

/
--------------------------------------------------------
--  DDL for Function FN_GETNOMBREEDITORIAL
--------------------------------------------------------

  CREATE OR REPLACE FUNCTION "GRUPOFBIBLIOTECA"."FN_GETNOMBREEDITORIAL" (idLibro number) 
          RETURN VARCHAR2
          IS
              NOMBREEDITORIAL VARCHAR2(60):='';
          BEGIN
            SELECT 
                e.nombre_ed INTO NOMBREEDITORIAL
            FROM 
                libro l,
                editorial e
            WHERE
                l.id_libro = idLibro AND
                l.id_cod_ed = e.id_cod_ed;
            return NOMBREEDITORIAL;
          END FN_GETNOMBREEDITORIAL;

/
--------------------------------------------------------
--  Constraints for Table USUARIO
--------------------------------------------------------

  ALTER TABLE "GRUPOFBIBLIOTECA"."USUARIO" ADD PRIMARY KEY ("IDUSUARIO")
  USING INDEX PCTFREE 10 INITRANS 2 MAXTRANS 255 
  STORAGE(INITIAL 65536 NEXT 1048576 MINEXTENTS 1 MAXEXTENTS 2147483645
  PCTINCREASE 0 FREELISTS 1 FREELIST GROUPS 1 BUFFER_POOL DEFAULT FLASH_CACHE DEFAULT CELL_FLASH_CACHE DEFAULT)
  TABLESPACE "USERS"  ENABLE;
  ALTER TABLE "GRUPOFBIBLIOTECA"."USUARIO" MODIFY ("CONTRASEÑA" NOT NULL ENABLE);
  ALTER TABLE "GRUPOFBIBLIOTECA"."USUARIO" MODIFY ("USUARIO" NOT NULL ENABLE);
--------------------------------------------------------
--  Constraints for Table LECTOR
--------------------------------------------------------

  ALTER TABLE "GRUPOFBIBLIOTECA"."LECTOR" ADD UNIQUE ("DNI")
  USING INDEX PCTFREE 10 INITRANS 2 MAXTRANS 255 
  STORAGE(INITIAL 65536 NEXT 1048576 MINEXTENTS 1 MAXEXTENTS 2147483645
  PCTINCREASE 0 FREELISTS 1 FREELIST GROUPS 1 BUFFER_POOL DEFAULT FLASH_CACHE DEFAULT CELL_FLASH_CACHE DEFAULT)
  TABLESPACE "USERS"  ENABLE;
  ALTER TABLE "GRUPOFBIBLIOTECA"."LECTOR" ADD PRIMARY KEY ("ID_NUM_TARJETA")
  USING INDEX PCTFREE 10 INITRANS 2 MAXTRANS 255 
  STORAGE(INITIAL 65536 NEXT 1048576 MINEXTENTS 1 MAXEXTENTS 2147483645
  PCTINCREASE 0 FREELISTS 1 FREELIST GROUPS 1 BUFFER_POOL DEFAULT FLASH_CACHE DEFAULT CELL_FLASH_CACHE DEFAULT)
  TABLESPACE "USERS"  ENABLE;
  ALTER TABLE "GRUPOFBIBLIOTECA"."LECTOR" MODIFY ("DNI" NOT NULL ENABLE);
  ALTER TABLE "GRUPOFBIBLIOTECA"."LECTOR" MODIFY ("TELEFONO_LECTOR" NOT NULL ENABLE);
  ALTER TABLE "GRUPOFBIBLIOTECA"."LECTOR" MODIFY ("DIRRECION_LECTOR" NOT NULL ENABLE);
  ALTER TABLE "GRUPOFBIBLIOTECA"."LECTOR" MODIFY ("NOMBRE_LECTOR" NOT NULL ENABLE);
  ALTER TABLE "GRUPOFBIBLIOTECA"."LECTOR" MODIFY ("ID_NUM_TARJETA" NOT NULL ENABLE);
--------------------------------------------------------
--  Constraints for Table DETALLE_PRESTAMO
--------------------------------------------------------

  ALTER TABLE "GRUPOFBIBLIOTECA"."DETALLE_PRESTAMO" ADD PRIMARY KEY ("ID_DETALLE_PRESTAMO")
  USING INDEX PCTFREE 10 INITRANS 2 MAXTRANS 255 
  STORAGE(INITIAL 65536 NEXT 1048576 MINEXTENTS 1 MAXEXTENTS 2147483645
  PCTINCREASE 0 FREELISTS 1 FREELIST GROUPS 1 BUFFER_POOL DEFAULT FLASH_CACHE DEFAULT CELL_FLASH_CACHE DEFAULT)
  TABLESPACE "USERS"  ENABLE;
  ALTER TABLE "GRUPOFBIBLIOTECA"."DETALLE_PRESTAMO" MODIFY ("DEVUELTO" NOT NULL ENABLE);
  ALTER TABLE "GRUPOFBIBLIOTECA"."DETALLE_PRESTAMO" MODIFY ("ID_DETALLE_PRESTAMO" NOT NULL ENABLE);
--------------------------------------------------------
--  Constraints for Table PRESTAMOS
--------------------------------------------------------

  ALTER TABLE "GRUPOFBIBLIOTECA"."PRESTAMOS" ADD PRIMARY KEY ("ID_PRESTAMO")
  USING INDEX PCTFREE 10 INITRANS 2 MAXTRANS 255 
  STORAGE(INITIAL 65536 NEXT 1048576 MINEXTENTS 1 MAXEXTENTS 2147483645
  PCTINCREASE 0 FREELISTS 1 FREELIST GROUPS 1 BUFFER_POOL DEFAULT FLASH_CACHE DEFAULT CELL_FLASH_CACHE DEFAULT)
  TABLESPACE "USERS"  ENABLE;
  ALTER TABLE "GRUPOFBIBLIOTECA"."PRESTAMOS" MODIFY ("NUM_TARJETA" NOT NULL ENABLE);
  ALTER TABLE "GRUPOFBIBLIOTECA"."PRESTAMOS" MODIFY ("ID_PRESTAMO" NOT NULL ENABLE);
--------------------------------------------------------
--  Constraints for Table LIBRO
--------------------------------------------------------

  ALTER TABLE "GRUPOFBIBLIOTECA"."LIBRO" ADD PRIMARY KEY ("ID_LIBRO")
  USING INDEX PCTFREE 10 INITRANS 2 MAXTRANS 255 
  STORAGE(INITIAL 65536 NEXT 1048576 MINEXTENTS 1 MAXEXTENTS 2147483645
  PCTINCREASE 0 FREELISTS 1 FREELIST GROUPS 1 BUFFER_POOL DEFAULT FLASH_CACHE DEFAULT CELL_FLASH_CACHE DEFAULT)
  TABLESPACE "USERS"  ENABLE;
  ALTER TABLE "GRUPOFBIBLIOTECA"."LIBRO" MODIFY ("ISBN" NOT NULL ENABLE);
  ALTER TABLE "GRUPOFBIBLIOTECA"."LIBRO" MODIFY ("TITULO" NOT NULL ENABLE);
  ALTER TABLE "GRUPOFBIBLIOTECA"."LIBRO" MODIFY ("ID_LIBRO" NOT NULL ENABLE);
--------------------------------------------------------
--  Constraints for Table CONTROL
--------------------------------------------------------

  ALTER TABLE "GRUPOFBIBLIOTECA"."CONTROL" ADD PRIMARY KEY ("IDCONTROL")
  USING INDEX PCTFREE 10 INITRANS 2 MAXTRANS 255 
  STORAGE(INITIAL 65536 NEXT 1048576 MINEXTENTS 1 MAXEXTENTS 2147483645
  PCTINCREASE 0 FREELISTS 1 FREELIST GROUPS 1 BUFFER_POOL DEFAULT FLASH_CACHE DEFAULT CELL_FLASH_CACHE DEFAULT)
  TABLESPACE "USERS"  ENABLE;
  ALTER TABLE "GRUPOFBIBLIOTECA"."CONTROL" MODIFY ("DATOS" NOT NULL ENABLE);
  ALTER TABLE "GRUPOFBIBLIOTECA"."CONTROL" MODIFY ("ACCION" NOT NULL ENABLE);
  ALTER TABLE "GRUPOFBIBLIOTECA"."CONTROL" MODIFY ("TABLA" NOT NULL ENABLE);
  ALTER TABLE "GRUPOFBIBLIOTECA"."CONTROL" MODIFY ("USUARIO" NOT NULL ENABLE);
--------------------------------------------------------
--  Constraints for Table AUTOR
--------------------------------------------------------

  ALTER TABLE "GRUPOFBIBLIOTECA"."AUTOR" ADD PRIMARY KEY ("ID_AUTOR")
  USING INDEX PCTFREE 10 INITRANS 2 MAXTRANS 255 
  STORAGE(INITIAL 65536 NEXT 1048576 MINEXTENTS 1 MAXEXTENTS 2147483645
  PCTINCREASE 0 FREELISTS 1 FREELIST GROUPS 1 BUFFER_POOL DEFAULT FLASH_CACHE DEFAULT CELL_FLASH_CACHE DEFAULT)
  TABLESPACE "USERS"  ENABLE;
  ALTER TABLE "GRUPOFBIBLIOTECA"."AUTOR" MODIFY ("NOMBRE_AUTOR" NOT NULL ENABLE);
  ALTER TABLE "GRUPOFBIBLIOTECA"."AUTOR" MODIFY ("ID_AUTOR" NOT NULL ENABLE);
--------------------------------------------------------
--  Constraints for Table EDITORIAL
--------------------------------------------------------

  ALTER TABLE "GRUPOFBIBLIOTECA"."EDITORIAL" ADD PRIMARY KEY ("ID_COD_ED")
  USING INDEX PCTFREE 10 INITRANS 2 MAXTRANS 255 
  STORAGE(INITIAL 65536 NEXT 1048576 MINEXTENTS 1 MAXEXTENTS 2147483645
  PCTINCREASE 0 FREELISTS 1 FREELIST GROUPS 1 BUFFER_POOL DEFAULT FLASH_CACHE DEFAULT CELL_FLASH_CACHE DEFAULT)
  TABLESPACE "USERS"  ENABLE;
  ALTER TABLE "GRUPOFBIBLIOTECA"."EDITORIAL" MODIFY ("TELEFONO_ED" NOT NULL ENABLE);
  ALTER TABLE "GRUPOFBIBLIOTECA"."EDITORIAL" MODIFY ("PAIS_ED" NOT NULL ENABLE);
  ALTER TABLE "GRUPOFBIBLIOTECA"."EDITORIAL" MODIFY ("NOMBRE_ED" NOT NULL ENABLE);
  ALTER TABLE "GRUPOFBIBLIOTECA"."EDITORIAL" MODIFY ("ID_COD_ED" NOT NULL ENABLE);
--------------------------------------------------------
--  Constraints for Table AUTORES_LIBRO
--------------------------------------------------------

  ALTER TABLE "GRUPOFBIBLIOTECA"."AUTORES_LIBRO" ADD PRIMARY KEY ("ID_AUTORES_LIBRO")
  USING INDEX PCTFREE 10 INITRANS 2 MAXTRANS 255 
  STORAGE(INITIAL 65536 NEXT 1048576 MINEXTENTS 1 MAXEXTENTS 2147483645
  PCTINCREASE 0 FREELISTS 1 FREELIST GROUPS 1 BUFFER_POOL DEFAULT FLASH_CACHE DEFAULT CELL_FLASH_CACHE DEFAULT)
  TABLESPACE "USERS"  ENABLE;
  ALTER TABLE "GRUPOFBIBLIOTECA"."AUTORES_LIBRO" MODIFY ("ID_AUTORES_LIBRO" NOT NULL ENABLE);
--------------------------------------------------------
--  Ref Constraints for Table AUTORES_LIBRO
--------------------------------------------------------

  ALTER TABLE "GRUPOFBIBLIOTECA"."AUTORES_LIBRO" ADD FOREIGN KEY ("ID_LIBRO")
	  REFERENCES "GRUPOFBIBLIOTECA"."LIBRO" ("ID_LIBRO") ENABLE;
  ALTER TABLE "GRUPOFBIBLIOTECA"."AUTORES_LIBRO" ADD FOREIGN KEY ("ID_AUTOR")
	  REFERENCES "GRUPOFBIBLIOTECA"."AUTOR" ("ID_AUTOR") ENABLE;
--------------------------------------------------------
--  Ref Constraints for Table DETALLE_PRESTAMO
--------------------------------------------------------

  ALTER TABLE "GRUPOFBIBLIOTECA"."DETALLE_PRESTAMO" ADD FOREIGN KEY ("ID_PRESTAMO")
	  REFERENCES "GRUPOFBIBLIOTECA"."PRESTAMOS" ("ID_PRESTAMO") ENABLE;
  ALTER TABLE "GRUPOFBIBLIOTECA"."DETALLE_PRESTAMO" ADD FOREIGN KEY ("ID_LIBRO")
	  REFERENCES "GRUPOFBIBLIOTECA"."LIBRO" ("ID_LIBRO") ENABLE;
--------------------------------------------------------
--  Ref Constraints for Table LIBRO
--------------------------------------------------------

  ALTER TABLE "GRUPOFBIBLIOTECA"."LIBRO" ADD FOREIGN KEY ("ID_COD_ED")
	  REFERENCES "GRUPOFBIBLIOTECA"."EDITORIAL" ("ID_COD_ED") ENABLE;
--------------------------------------------------------
--  Ref Constraints for Table PRESTAMOS
--------------------------------------------------------

  ALTER TABLE "GRUPOFBIBLIOTECA"."PRESTAMOS" ADD FOREIGN KEY ("ID_NUM_TARJETA")
	  REFERENCES "GRUPOFBIBLIOTECA"."LECTOR" ("ID_NUM_TARJETA") ENABLE;
